# Total column ozone and ozone profiles measured at Maitri, Antarctica.
# Station: Maitri (WOUDC station 400, GAW ID MTR), 70.45 S, 11.45 E, 330 m.
# Measured by: India Meteorological Department (IMD).
# Station operated by: National Centre for Polar and Ocean Research (NCPOR).
# Archived by: WMO Global Atmosphere Watch / World Ozone and Ultraviolet
#   Radiation Data Centre (WOUDC), https://woudc.org
# Retrieved from the WOUDC data registry API, https://api.woudc.org
# Free and unrestricted for scientific, educational and policy use, on the
# condition that the contributing agency (IMD) and the WOUDC are credited.
# Republished unmodified by NCPOR as part of the Indian Antarctic archive.
# Balloon-borne ozonesonde profiles. One row per measured level.
# Ozone partial pressure in millipascals; pressure in hectopascals.
flight_date_utc,level_index,pressure_hpa,temperature_c,o3_partial_pressure_mpa,flight_total_o3_du,correction_factor
1994-01-08,1,973,-2,1.2,,0
1994-01-08,2,926,-5,1.0,,0
1994-01-08,3,871,-10,0.7,,0
1994-01-08,4,760,-17,0.3,,0
1994-01-08,5,700,-25,0.3,,0
1994-01-08,6,561,-35,0.4,,0
1994-01-08,7,510,-40,0.8,,0
1994-01-08,8,500,-41,0.9,,0
1994-01-08,9,364,-58,0.9,,0
1994-01-08,10,324,-63,1.2,,0
1994-01-08,11,350,-65,1.2,,0
1994-01-08,12,304,-65,1.3,,0
1994-01-08,13,300,-65,1.1,,0
1994-01-08,14,290,-67,0.3,,0
1994-01-08,15,275,-66,2.8,,0
1994-01-08,16,256,-63,3.8,,0
1994-01-08,17,230,-59,4.7,,0
1994-01-08,18,210,-58,4.3,,0
1994-01-08,19,200,-56,3.3,,0
1994-01-08,20,198,-56,3.3,,0
1994-01-08,21,183,-55,4.6,,0
1994-01-08,22,178,-54,3.3,,0
1994-01-08,23,170,-54,4.3,,0
1994-01-08,24,168,-54,4.4,,0
1994-01-08,25,162,-54,3.1,,0
1994-01-08,26,150,-53,4.5,,0
1994-01-08,27,145,-53,4.3,,0
1994-01-08,28,140,-51,4.6,,0
1994-01-08,29,136,-51,5.6,,0
1994-01-08,30,126,-51,5.9,,0
1994-01-08,31,100,-50,9.4,,0
1994-01-08,32,94,-48,10.2,,0
1994-01-08,33,87.2,-46,10.6,,0
1994-01-08,34,79,-47,12.0,,0
1994-01-08,35,72,-47,12.9,,0
1994-01-08,36,70,-46,12.2,,0
1994-01-08,37,69,-45,12.3,,0
1994-01-08,38,62,-44,12.3,,0
1994-01-08,39,59,-45,12.8,,0
1994-01-08,40,52.4,-44,14.3,,0
1994-01-08,41,50,-43,14.8,,0
1994-01-08,42,45,-42,14.9,,0
1994-01-08,43,40,-42,14.6,,0
1994-01-08,44,34,-41,14.4,,0
1994-01-08,45,31.5,-41,13.0,,0
1994-01-08,46,30,-41,13.3,,0
1994-01-08,47,25.5,-41,15.4,,0
1994-01-08,48,19,-40,13.5,,0
1994-01-08,49,12.5,-40,10.4,,0
1994-01-08,50,8.5,-37,7.7,,0
1994-01-08,51,8,-37,9.0,,0
1994-01-08,52,5,-37,7.0,,0
1994-01-21,1,973,5,1.2,,1
1994-01-21,2,845,-10,1.1,,1
1994-01-21,3,700,-20,0.8,,1
1994-01-21,4,690,-28,0.8,,1
1994-01-21,5,510,-36,0.8,,1
1994-01-21,6,500,-38,0.8,,1
1994-01-21,7,490,-39,1.0,,1
1994-01-21,8,435,-43,0.7,,1
1994-01-21,9,340,-56,1.4,,1
1994-01-21,10,300,-62,1.4,,1
1994-01-21,11,288,-63,1.4,,1
1994-01-21,12,250,-56,4.1,,1
1994-01-21,13,220,-55,4.7,,1
1994-01-21,14,200,-53,4.7,,1
1994-01-21,15,195,-52,4.7,,1
1994-01-21,16,179,-51,4.4,,1
1994-01-21,17,166,-50,5.2,,1
1994-01-21,18,155,-51,5.2,,1
1994-01-21,19,150,-51,5.6,,1
1994-01-21,20,140,-50,6.2,,1
1994-01-21,21,125,-50,6.5,,1
1994-01-21,22,110,-49,7.4,,1
1994-01-21,23,100,-48,8.4,,1
1994-01-21,24,91,-46,9.4,,1
1994-01-21,25,90,-48,8.8,,1
1994-01-21,26,80,-46,10.5,,1
1994-01-21,27,73.5,-45,11.9,,1
1994-01-21,28,70,-45,12.5,,1
1994-01-21,29,65.2,-45,12.7,,1
1994-01-21,30,62,-43,12.6,,1
1994-01-21,31,55,-42,13.8,,1
1994-01-21,32,50,-42,14.5,,1
1994-01-21,33,43,-41,14.0,,1
1994-01-21,34,38,-41,13.5,,1
1994-01-21,35,33.5,-41,12.6,,1
1994-01-21,36,32.6,-41,12.6,,1
1994-01-21,37,30,-40,13.2,,1
1994-01-21,38,28.7,-41,13.2,,1
1994-01-21,39,25.5,-39,12.6,,1
1994-01-21,40,24,-39,11.3,,1
1994-01-21,41,20.8,-39,11.6,,1
1994-01-21,42,20,-38,11.8,,1
1994-01-21,43,18.2,-39,12.2,,1
1994-01-21,44,17.3,-38,12.0,,1
1994-01-21,45,16.3,-39,11.5,,1
1994-01-21,46,10.9,-36,8.2,,1
1994-01-21,47,10,-36,8.3,,1
1994-01-21,48,7,-33,7.8,,1
1994-01-21,49,5.1,-32,7.0,,1
1994-01-27,1,965,-4,0.1,,1
1994-01-27,2,900,-9,0.5,,1
1994-01-27,3,700,-25,0.3,,1
1994-01-27,4,640,-28,0.2,,1
1994-01-27,5,520,-38,0.3,,1
1994-01-27,6,500,-40,0.5,,1
1994-01-27,7,470,-41,0.8,,1
1994-01-27,8,448,-42,1.1,,1
1994-01-27,9,415,-46,0.7,,1
1994-01-27,10,360,-51,2.4,,1
1994-01-27,11,342,-52,2.1,,1
1994-01-27,12,322,-53,3.2,,1
1994-01-27,13,308,-52,3.5,,1
1994-01-27,14,300,-53,4.3,,1
1994-01-27,15,280,-52,5.3,,1
1994-01-27,16,250,-50,4.8,,1
1994-01-27,17,220,-49,4.3,,1
1994-01-27,18,200,-49,4.5,,1
1994-01-27,19,191,-47,4.5,,1
1994-01-27,20,174,-48,5.0,,1
1994-01-27,21,155,-47,5.0,,1
1994-01-27,22,150,-48,5.4,,1
1994-01-27,23,142,-48,6.0,,1
1994-01-27,24,127,-47,6.3,,1
1994-01-27,25,110,-46,8.1,,1
1994-01-27,26,100,-46,8.5,,1
1994-01-27,27,90,-45,8.8,,1
1994-01-27,28,88,-44,9.8,,1
1994-01-27,29,83,-43,11.1,,1
1994-01-27,30,73,-44,11.6,,1
1994-01-27,31,72,-44,12.4,,1
1994-01-27,32,70,-44,12.4,,1
1994-01-27,33,62.5,-43,12.7,,1
1994-01-27,34,60.5,-44,12.5,,1
1994-01-27,35,57,-43,12.5,,1
1994-01-27,36,55,-43,12.2,,1
1994-01-27,37,50,-42,11.1,,1
1994-01-27,38,45,-41,12.8,,1
1994-01-27,39,42,-41,12.3,,1
1994-01-27,40,38,-41,12.4,,1
1994-01-27,41,32.8,-40,11.3,,1
1994-01-27,42,30,-41,9.4,,1
1994-01-27,43,28,-40,8.7,,1
1994-01-27,44,23,-40,6.6,,1
1994-01-27,45,20,-38,6.1,,1
1994-01-27,46,19,-38,5.8,,1
1994-01-27,47,15,-37,4.8,,1
1994-01-27,48,12.8,-37,4.4,,1
1994-01-27,49,10,-36,4.2,,1
1994-01-27,50,5.2,-29,3.2,,1
1994-01-31,1,973,-7,5.4,,1
1994-01-31,2,700,-20,5.4,,1
1994-01-31,3,640,-24,5.5,,1
1994-01-31,4,580,-31,5.2,,1
1994-01-31,5,510,-35,4.9,,1
1994-01-31,6,500,-35,4.9,,1
1994-01-31,7,458,-38,4.2,,1
1994-01-31,8,348,-50,4.2,,1
1994-01-31,9,340,-51,4.5,,1
1994-01-31,10,300,-55,3.3,,1
1994-01-31,11,280,-60,3.6,,1
1994-01-31,12,258,-58,5.5,,1
1994-01-31,13,250,-58,5.4,,1
1994-01-31,14,229,-55,6.6,,1
1994-01-31,15,200,-52,6.7,,1
1994-01-31,16,175,-50,6.8,,1
1994-01-31,17,158,-50,7.1,,1
1994-01-31,18,150,-50,7.1,,1
1994-01-31,19,140,-48,7.7,,1
1994-01-31,20,130,-47,7.4,,1
1994-01-31,21,125,-50,7.4,,1
1994-01-31,22,119,-49,7.7,,1
1994-01-31,23,110,-49,7.4,,1
1994-01-31,24,105,-49,7.7,,1
1994-01-31,25,100,-47,10.7,,1
1994-01-31,26,97,-47,11.6,,1
1994-01-31,27,84,-47,12.1,,1
1994-01-31,28,81,-47,13.1,,1
1994-01-31,29,78,-47,13.4,,1
1994-01-31,30,72,-46,14.3,,1
1994-01-31,31,70,-46,14.3,,1
1994-01-31,32,68.8,-46,14.3,,1
1994-01-31,33,61,-45,13.7,,1
1994-01-31,34,55,-44,14.4,,1
1994-01-31,35,50,-44,13.8,,1
1994-01-31,36,46,-44,13.4,,1
1994-01-31,37,39.4,-44,11.5,,1
1994-01-31,38,31,-44,10.0,,1
1994-01-31,39,30,-43,9.7,,1
1994-01-31,40,27,-43,8.6,,1
1994-01-31,41,21,-41,8.1,,1
1994-01-31,42,20,-41,8.0,,1
1994-01-31,43,10,-40,7.3,,1
1994-01-31,44,5.2,-40,7.1,,1
1994-02-08,1,968,-8,2.8,,1
1994-02-08,2,700,-25,2.8,,1
1994-02-08,3,535,-37,3.0,,1
1994-02-08,4,500,-41,2.6,,1
1994-02-08,5,450,-46,1.9,,1
1994-02-08,6,400,-50,1.9,,1
1994-02-08,7,385,-52,2.2,,1
1994-02-08,8,350,-55,2.1,,1
1994-02-08,9,332,-55,3.0,,1
1994-02-08,10,320,-53,4.6,,1
1994-02-08,11,300,-52,4.9,,1
1994-02-08,12,272,-50,5.3,,1
1994-02-08,13,260,-51,5.3,,1
1994-02-08,14,250,-50,4.9,,1
1994-02-08,15,240,-50,4.8,,1
1994-02-08,16,230,-50,4.0,,1
1994-02-08,17,215,-50,5.0,,1
1994-02-08,18,200,-50,5.5,,1
1994-02-08,19,190,-49,5.2,,1
1994-02-08,20,180,-49,5.7,,1
1994-02-08,21,175,-50,5.5,,1
1994-02-08,22,170,-50,5.9,,1
1994-02-08,23,160,-50,5.4,,1
1994-02-08,24,150,-49,6.7,,1
1994-02-08,25,142,-49,7.0,,1
1994-02-08,26,132,-49,7.2,,1
1994-02-08,27,130,-49,7.9,,1
1994-02-08,28,120,-50,7.2,,1
1994-02-08,29,110,-49,8.7,,1
1994-02-08,30,105,-49,9.5,,1
1994-02-08,31,100,-49,9.3,,1
1994-02-08,32,95,-48,11.8,,1
1994-02-08,33,90.8,-48,12.2,,1
1994-02-08,34,86.5,-46,12.7,,1
1994-02-08,35,80,-46,12.7,,1
1994-02-08,36,75.5,-47,12.3,,1
1994-02-08,37,71.5,-46,12.9,,1
1994-02-08,38,70,-46,12.7,,1
1994-02-08,39,68,-46,12.6,,1
1994-02-08,40,66.5,-46,12.2,,1
1994-02-08,41,65,-46,12.4,,1
1994-02-08,42,58,-46,9.6,,1
1994-02-08,43,55,-46,8.2,,1
1994-02-08,44,52,-46,8.3,,1
1994-02-08,45,50,-45,7.8,,1
1994-02-08,46,48,-44,7.8,,1
1994-02-08,47,38,-43,5.1,,1
1994-02-08,48,35,-43,5.1,,1
1994-02-08,49,31,-40,5.3,,1
1994-02-08,50,30,-40,5.1,,1
1994-02-08,51,24.2,-37,4.8,,1
1994-02-08,52,20,-37,3.8,,1
1994-02-08,53,17,-36,3.4,,1
1994-02-23,1,978,-4,1.1,,1
1994-02-23,2,925,-8,1.1,,1
1994-02-23,3,730,-21,0.7,,1
1994-02-23,4,700,-22,0.7,,1
1994-02-23,5,680,-21,0.7,,1
1994-02-23,6,620,-21,0.7,,1
1994-02-23,7,568,-24,0.5,,1
1994-02-23,8,520,-28,1.0,,1
1994-02-23,9,505,-28,1.6,,1
1994-02-23,10,500,-28,1.5,,1
1994-02-23,11,475,-29,1.0,,1
1994-02-23,12,400,-39,0.4,,1
1994-02-23,13,300,-55,0.5,,1
1994-02-23,14,270,-57,1.0,,1
1994-02-23,15,255,-55,2.8,,1
1994-02-23,16,220,-49,3.9,,1
1994-02-23,17,200,-48,3.9,,1
1994-02-23,18,195,-45,3.9,,1
1994-02-23,19,170,-47,3.0,,1
1994-02-23,20,150,-47,3.6,,1
1994-02-23,21,140,-47,3.3,,1
1994-02-23,22,128,-47,4.2,,1
1994-02-23,23,116,-46,7.0,,1
1994-02-23,24,100,-47,6.5,,1
1994-02-23,25,87,-46,7.7,,1
1994-02-23,26,76,-46,10.9,,1
1994-02-23,27,72.5,-45,11.2,,1
1994-02-23,28,70,-45,11.8,,1
1994-02-23,29,65,-44,11.5,,1
1994-02-23,30,59,-45,11.8,,1
1994-02-23,31,50,-46,13.6,,1
1994-02-23,32,35,-44,10.2,,1
1994-02-23,33,30,-43,9.3,,1
1994-02-23,34,2,-43,7.4,,1
1994-02-23,35,25,-42,7.0,,1
1994-02-23,36,20,-41,5.9,,1
1994-02-23,37,16,-40,5.3,,1
1994-03-07,1,973,-2,1.2,,1
1994-03-07,2,900,-8,0.7,,1
1994-03-07,3,650,-16,0.6,,1
1994-03-07,4,700,-17,0.9,,1
1994-03-07,5,520,-23,0.7,,1
1994-03-07,6,500,-23,0.7,,1
1994-03-07,7,360,-42,0.5,,1
1994-03-07,8,300,-52,0.3,,1
1994-03-07,9,265,-55,0.3,,1
1994-03-07,10,252,-55,0.8,,1
1994-03-07,11,240,-54,1.5,,1
1994-03-07,12,200,-53,2.1,,1
1994-03-07,13,182,-51,2.1,,1
1994-03-07,14,162,-50,2.4,,1
1994-03-07,15,150,-48,3.2,,1
1994-03-07,16,128,-48,4.8,,1
1994-03-07,17,110,-46,5.4,,1
1994-03-07,18,100,-46,5.6,,1
1994-03-07,19,80,-46,8.0,,1
1994-03-07,20,72,-45,9.8,,1
1994-03-07,21,70,-43,10.7,,1
1994-03-07,22,65,-43,11.3,,1
1994-03-07,23,59,-43,10.4,,1
1994-03-07,24,52,-43,10.8,,1
1994-03-07,25,50,-43,11.0,,1
1994-03-07,26,48,-43,10.3,,1
1994-03-07,27,44,-42,10.9,,1
1994-03-07,28,37.2,-41,8.2,,1
1994-03-07,29,37,-41,8.5,,1
1994-03-07,30,30,-40,5.8,,1
1994-03-07,31,28.2,-40,5.2,,1
1994-03-07,32,23.4,-39,4.0,,1
1994-03-07,33,20,-39,3.4,,1
1994-03-30,1,965,-16,1.9,,1
1994-03-30,2,910,-18,2.0,,1
1994-03-30,3,800,-22,1.1,,1
1994-03-30,4,700,-27,1.1,,1
1994-03-30,5,640,-29,1.1,,1
1994-03-30,6,585,-35,1.1,,1
1994-03-30,7,540,-37,1.3,,1
1994-03-30,8,510,-39,0.8,,1
1994-03-30,9,500,-39,0.8,,1
1994-03-30,10,470,-42,0.8,,1
1994-03-30,11,425,-51,0.8,,1
1994-03-30,12,365,-58,0.7,,1
1994-03-30,13,330,-58,1.9,,1
1994-03-30,14,310,-59,2.9,,1
1994-03-30,15,300,-58,2.8,,1
1994-03-30,16,225,-55,4.6,,1
1994-03-30,17,210,-54,4.0,,1
1994-03-30,18,200,-54,3.8,,1
1994-03-30,19,185,-54,3.7,,1
1994-03-30,20,170,-55,4.9,,1
1994-03-30,21,150,-56,6.2,,1
1994-03-30,22,140,-58,6.3,,1
1994-03-30,23,130,-58,6.9,,1
1994-03-30,24,120,-58,7.7,,1
1994-03-30,25,110,-60,9.7,,1
1994-03-30,26,100,-60,11.3,,1
1994-03-30,27,91.5,-59,12.7,,1
1994-03-30,28,90,-60,12.8,,1
1994-03-30,29,81,-61,11.6,,1
1994-03-30,30,70,-64,11.9,,1
1994-03-30,31,63.4,-64,12.0,,1
1994-03-30,32,54.5,-65,11.1,,1
1994-03-30,33,50,-65,9.4,,1
1994-03-30,34,45,-65,7.6,,1
1994-03-30,35,41,-65,7.0,,1
1994-03-30,36,39.4,-65,6.1,,1
1994-03-30,37,36,-65,7.0,,1
1994-03-30,38,33.8,-66,7.0,,1
1994-03-30,39,31,-65,4.9,,1
1994-03-30,40,30,-67,4.6,,1
1994-03-30,41,27,-67,4.6,,1
1994-04-06,1,979,-17,7.0,,1
1994-04-06,2,920,-20,5.6,,1
1994-04-06,3,880,-23,5.7,,1
1994-04-06,4,858,-25,6.4,,1
1994-04-06,5,794,-26,6.8,,1
1994-04-06,6,742,-25,6.0,,1
1994-04-06,7,700,-27,5.9,,1
1994-04-06,8,667,-27,5.7,,1
1994-04-06,9,578,-33,5.3,,1
1994-04-06,10,500,-40,4.7,,1
1994-04-06,11,480,-42,4.7,,1
1994-04-06,12,458,-44,4.8,,1
1994-04-06,13,425,-48,4.3,,1
1994-04-06,14,398,-53,4.2,,1
1994-04-06,15,359,-56,3.6,,1
1994-04-06,16,347,-59,3.4,,1
1994-04-06,17,330,-60,4.5,,1
1994-04-06,18,300,-62,3.7,,1
1994-04-06,19,248,-68,3.6,,1
1994-04-06,20,242,-68,3.8,,1
1994-04-06,21,230,-64,5.9,,1
1994-04-06,22,211,-61,5.2,,1
1994-04-06,23,200,-60,5.6,,1
1994-04-06,24,191,-59,4.7,,1
1994-04-06,25,180,-59,6.5,,1
1994-04-06,26,160,-60,4.8,,1
1994-04-06,27,150,-60,6.6,,1
1994-04-06,28,140,-60,7.3,,1
1994-04-06,29,130,-60,10.1,,1
1994-04-06,30,120,-60,10.6,,1
1994-04-06,31,117,-60,11.4,,1
1994-04-06,32,114,-60,11.7,,1
1994-04-06,33,108,-60,13.6,,1
1994-04-06,34,100,-60,14.3,,1
1994-04-06,35,93.2,-60,14.3,,1
1994-04-06,36,91.2,-60,14.6,,1
1994-04-06,37,88,-60,14.6,,1
1994-04-06,38,85,-60,15.2,,1
1994-04-06,39,77,-61,14.5,,1
1994-04-06,40,71.5,-61,14.0,,1
1994-04-06,41,70,-61,14.1,,1
1994-04-06,42,60,-64,12.7,,1
1994-04-06,43,55,-64,11.1,,1
1994-04-06,44,54,-62,11.3,,1
1994-04-06,45,50,-62,9.7,,1
1994-04-06,46,44.8,-61,8.8,,1
1994-04-06,47,44,-63,8.9,,1
1994-04-06,48,41,-63,8.6,,1
1994-04-06,49,33.6,-63,8.7,,1
1994-04-06,50,33,-65,6.7,,1
1994-04-06,51,42.6,-65,8.0,,1
1994-04-06,52,32,-64,6.0,,1
1994-04-06,53,30.4,-65,4.2,,1
1994-04-06,54,30,-65,5.0,,1
1994-04-06,55,28.8,-65,4.2,,1
1994-04-06,56,26.1,-65,4.6,,1
1994-04-06,57,23,-65,4.5,,1
1994-04-06,58,22.5,-65,4.3,,1
1994-04-06,59,21.5,-65,5.7,,1
1994-04-06,60,20,-66,3.2,,1
1994-04-06,61,19,-66,3.3,,1
1994-04-06,62,17,-66,1.4,,1
1994-05-12,1,963,-16,7.0,,1
1994-05-12,2,850,-21,6.4,,1
1994-05-12,3,730,-27,5.3,,1
1994-05-12,4,700,-30,5.1,,1
1994-05-12,5,630,-36,4.4,,1
1994-05-12,6,590,-39,4.1,,1
1994-05-12,7,560,-41,4.1,,1
1994-05-12,8,500,-47,3.4,,1
1994-05-12,9,474,-50,3.3,,1
1994-05-12,10,462,-51,3.0,,1
1994-05-12,11,444,-52,3.1,,1
1994-05-12,12,396,-56,2.7,,1
1994-05-12,13,382,-58,2.8,,1
1994-05-12,14,365,-60,2.7,,1
1994-05-12,15,330,-62,3.4,,1
1994-05-12,16,300,-64,4.3,,1
1994-05-12,17,289,-65,4.6,,1
1994-05-12,18,279,-64,4.7,,1
1994-05-12,19,268,-63,5.2,,1
1994-05-12,20,252,-61,5.7,,1
1994-05-12,21,244,-61,5.6,,1
1994-05-12,22,212,-61,6.5,,1
1994-05-12,23,205,-61,6.7,,1
1994-05-12,24,200,-61,6.5,,1
1994-05-12,25,178,-62,5.7,,1
1994-05-12,26,164,-61,7.7,,1
1994-05-12,27,150,-61,8.9,,1
1994-05-12,28,146,-61,9.6,,1
1994-05-12,29,136,-62,12.5,,1
1994-05-12,30,130,-62,12.4,,1
1994-05-12,31,125,-62,9.8,,1
1994-05-12,32,112,-63,7.3,,1
1994-05-12,33,106,-63,9.6,,1
1994-05-12,34,100,-64,10.0,,1
1994-05-12,35,95,-65,10.5,,1
1994-05-12,36,92,-65,11.9,,1
1994-05-12,37,89,-65,11.9,,1
1994-05-12,38,85,-67,12.5,,1
1994-05-12,39,81,-67,12.6,,1
1994-05-12,40,77,-67,13.0,,1
1994-05-12,41,70,-69,12.7,,1
1994-05-12,42,68.8,-68,12.9,,1
1994-05-12,43,65.5,-69,13.3,,1
1994-05-12,44,63.8,-69,13.0,,1
1994-05-12,45,61,-70,13.0,,1
1994-05-12,46,57.8,-70,12.7,,1
1994-05-12,47,50,-70,13.3,,1
1994-05-12,48,47.8,-70,13.4,,1
1994-05-12,49,38,-72,13.4,,1
1994-05-12,50,30,-72,12.7,,1
1994-05-12,51,20,-72,9.9,,1
1994-05-12,52,17,-73,7.7,,1
1994-05-12,53,10,-74,3.8,,1
1994-10-14,1,958,-6,3.9,,1
1994-10-14,2,931,-8,3.5,,1
1994-10-14,3,918,-10,3.4,,1
1994-10-14,4,890,-11,3.1,,1
1994-10-14,5,809,-18,3.1,,1
1994-10-14,6,770,-21,2.9,,1
1994-10-14,7,730,-22,3.1,,1
1994-10-14,8,700,-22,3.3,,1
1994-10-14,9,650,-25,3.1,,1
1994-10-14,10,610,-26,2.7,,1
1994-10-14,11,590,-28,2.4,,1
1994-10-14,12,542,-31,2.5,,1
1994-10-14,13,520,-33,2.8,,1
1994-10-14,14,500,-34,2.7,,1
1994-10-14,15,490,-36,2.7,,1
1994-10-14,16,450,-39,2.3,,1
1994-10-14,17,430,-42,2.4,,1
1994-10-14,18,418,-44,2.1,,1
1994-10-14,19,322,-56,1.8,,1
1994-10-14,20,309,-58,1.8,,1
1994-10-14,21,300,-58,2.1,,1
1994-10-14,22,297,-59,2.3,,1
1994-10-14,23,290,-59,2.1,,1
1994-10-14,24,285,-59,2.0,,1
1994-10-14,25,279,-59,1.8,,1
1994-10-14,26,260,-62,2.0,,1
1994-10-14,27,240,-63,2.1,,1
1994-10-14,28,234,-63,2.5,,1
1994-10-14,29,220,-65,2.0,,1
1994-10-14,30,213,-64,1.9,,1
1994-10-14,31,210,-64,2.2,,1
1994-10-14,32,200,-65,2.1,,1
1994-10-14,33,190,-67,2.0,,1
1994-10-14,34,180,-67,2.1,,1
1994-10-14,35,168,-69,2.0,,1
1994-10-14,36,153,-69,3.5,,1
1994-10-14,37,150,-69,3.7,,1
1994-10-14,38,142,-69,4.1,,1
1994-10-14,39,132,-69,4.1,,1
1994-10-14,40,115,-69,4.0,,1
1994-10-14,41,112,-69,4.4,,1
1994-10-14,42,100,-69,4.9,,1
1994-10-14,43,92,-69,5.4,,1
1994-10-14,44,90,-69,5.6,,1
1994-10-14,45,88,-69,5.4,,1
1994-10-14,46,82.3,-68,5.2,,1
1994-10-14,47,80.9,-68,6.0,,1
1994-10-14,48,77,-68,5.9,,1
1994-10-14,49,75,-67,5.7,,1
1994-10-14,50,73,-67,5.1,,1
1994-10-14,51,72,-68,5.3,,1
1994-10-14,52,70,-67,5.2,,1
1994-10-14,53,64,-68,5.1,,1
1994-10-14,54,58,-66,3.6,,1
1994-10-14,55,51,-68,2.0,,1
1994-10-14,56,50,-67,1.9,,1
1994-10-14,57,48.8,-67,1.9,,1
1994-10-14,58,46.8,-67,2.4,,1
1994-10-14,59,43.5,-67,2.1,,1
1994-10-14,60,42.8,-67,1.2,,1
1994-10-14,61,39.1,-65,2.4,,1
1994-10-14,62,37.2,-67,2.3,,1
1994-10-14,63,36,-67,2.9,,1
1994-10-14,64,32.8,-67,1.5,,1
1994-10-14,65,30.6,-66,2.1,,1
1994-10-14,66,30,-66,2.7,,1
1994-10-14,67,28.1,-65,3.6,,1
1994-10-14,68,25.2,-65,3.9,,1
1994-10-14,69,24.2,-65,3.7,,1
1994-10-14,70,23.5,-65,2.9,,1
1994-10-14,71,23,-65,3.1,,1
1994-10-14,72,22,-64,2.1,,1
1994-10-14,73,21.2,-65,2.5,,1
1994-10-14,74,20.8,-65,1.9,,1
1994-10-14,75,20.2,-65,2.2,,1
1994-10-20,1,959,-10,4.8,,1
1994-10-20,2,880,-15,3.8,,1
1994-10-20,3,859,-16,3.7,,1
1994-10-20,4,820,-20,3.3,,1
1994-10-20,5,762,-24,3.1,,1
1994-10-20,6,700,-25,3.1,,1
1994-10-20,7,678,-26,3.0,,1
1994-10-20,8,650,-28,3.2,,1
1994-10-20,9,618,-29,3.0,,1
1994-10-20,10,597,-30,3.1,,1
1994-10-20,11,530,-34,2.6,,1
1994-10-20,12,500,-39,2.6,,1
1994-10-20,13,470,-42,2.3,,1
1994-10-20,14,443,-43,2.5,,1
1994-10-20,15,432,-45,2.5,,1
1994-10-20,16,409,-47,2.1,,1
1994-10-20,17,360,-53,2.0,,1
1994-10-20,18,327,-59,1.8,,1
1994-10-20,19,315,-60,1.9,,1
1994-10-20,20,300,-62,1.6,,1
1994-10-20,21,253,-66,2.2,,1
1994-10-20,22,218,-68,3.2,,1
1994-10-20,23,208,-68,3.8,,1
1994-10-20,24,200,-68,3.6,,1
1994-10-20,25,162,-69,4.1,,1
1994-10-20,26,158,-71,4.1,,1
1994-10-20,27,150,-71,4.5,,1
1994-10-20,28,148,-71,4.6,,1
1994-10-20,29,106,-77,0.6,,1
1994-10-20,30,103,-79,0.5,,1
1994-10-20,31,100,-78,0.5,,1
1994-10-20,32,95,-78,0.4,,1
1994-10-20,33,90,-77,0.5,,1
1994-10-20,34,79,-76,0.1,,1
1994-10-20,35,70,-74,0.1,,1
1994-10-20,36,66,-74,0.1,,1
1994-10-20,37,61.2,-73,0.3,,1
1994-10-20,38,57,-73,0.1,,1
1994-10-20,39,54.1,-73,0.8,,1
1994-10-20,40,51.8,-72,0.6,,1
1994-10-20,41,50,-71,1.3,,1
1994-10-20,42,46,-69,0.8,,1
1994-10-20,43,40,-66,1.3,,1
1994-10-20,44,38,-66,2.2,,1
1994-10-20,45,31.4,-64,3.2,,1
1994-10-20,46,30,-63,4.0,,1
1994-10-20,47,27.3,-62,5.4,,1
1994-10-20,48,25,-60,6.6,,1
1994-10-20,49,22.4,-57,8.0,,1
1994-10-20,50,20,-49,8.6,,1
1994-10-20,51,14.5,-43,9.2,,1
1994-10-20,52,10,-39,8.3,,1
1994-10-20,53,9.5,-37,8.0,,1
1994-10-22,1,962,-14,4.8,,1
1994-10-22,2,720,-24,3.7,,1
1994-10-22,3,700,-24,3.7,,1
1994-10-22,4,640,-29,3.8,,1
1994-10-22,5,500,-41,3.0,,1
1994-10-22,6,410,-49,3.2,,1
1994-10-22,7,335,-61,2.3,,1
1994-10-22,8,305,-62,2.7,,1
1994-10-22,9,300,-63,2.7,,1
1994-10-22,10,270,-64,3.3,,1
1994-10-22,11,251,-65,3.6,,1
1994-10-22,12,220,-68,5.1,,1
1994-10-22,13,210,-68,5.1,,1
1994-10-22,14,200,-67,5.3,,1
1994-10-22,15,191,-67,5.3,,1
1994-10-22,16,171,-68,3.8,,1
1994-10-22,17,155,-70,1.8,,1
1994-10-22,18,150,-70,1.5,,1
1994-10-22,19,148,-70,1.5,,1
1994-10-22,20,120,-71,1.2,,1
1994-10-22,21,112,-72,1.2,,1
1994-10-22,22,100,-72,1.1,,1
1994-10-22,23,92.8,-72,1.0,,1
1994-10-22,24,86.2,-71,2.6,,1
1994-10-22,25,81.4,-70,2.4,,1
1994-10-22,26,77.8,-70,1.9,,1
1994-10-22,27,72,-69,2.3,,1
1994-10-22,28,70,-68,1.8,,1
1994-10-22,29,67,-68,1.2,,1
1994-10-22,30,62,-66,1.8,,1
1994-10-22,31,57,-66,2.1,,1
1994-10-22,32,50,-60,4.8,,1
1994-10-22,33,42,-55,6.4,,1
1994-10-22,34,32,-46,7.2,,1
1994-10-22,35,30,-43,7.5,,1
1994-10-22,36,22,-32,6.2,,1
1994-10-22,37,20,-30,5.0,,1
1994-10-22,38,19,-30,4.4,,1
1994-10-29,1,979,-10,7.0,,1
1994-10-29,2,961,-9,6.7,,1
1994-10-29,3,880,-13,5.7,,1
1994-10-29,4,863,-14,5.8,,1
1994-10-29,5,812,-16,5.1,,1
1994-10-29,6,770,-18,4.9,,1
1994-10-29,7,760,-18,4.6,,1
1994-10-29,8,730,-18,4.4,,1
1994-10-29,9,707,-20,4.1,,1
1994-10-29,10,700,-21,4.1,,1
1994-10-29,11,648,-25,3.8,,1
1994-10-29,12,605,-29,3.9,,1
1994-10-29,13,590,-30,3.5,,1
1994-10-29,14,542,-35,3.4,,1
1994-10-29,15,500,-39,3.0,,1
1994-10-29,16,490,-40,2.8,,1
1994-10-29,17,450,-44,2.8,,1
1994-10-29,18,438,-46,2.7,,1
1994-10-29,19,420,-47,2.3,,1
1994-10-29,20,400,-50,2.5,,1
1994-10-29,21,370,-54,2.0,,1
1994-10-29,22,328,-59,1.8,,1
1994-10-29,23,304,-64,1.8,,1
1994-10-29,24,300,-65,1.9,,1
1994-10-29,25,295,-65,1.9,,1
1994-10-29,26,282,-67,1.7,,1
1994-10-29,27,275,-68,1.9,,1
1994-10-29,28,266,-70,1.7,,1
1994-10-29,29,241,-72,2.1,,1
1994-10-29,30,224,-73,2.4,,1
1994-10-29,31,220,-73,2.8,,1
1994-10-29,32,206,-72,3.4,,1
1994-10-29,33,200,-71,3.4,,1
1994-10-29,34,175,-71,3.6,,1
1994-10-29,35,166,-71,4.2,,1
1994-10-29,36,161,-71,4.5,,1
1994-10-29,37,160,-71,4.3,,1
1994-10-29,38,150,-74,4.1,,1
1994-10-29,39,148,-74,4.0,,1
1994-10-29,40,145,-75,3.0,,1
1994-10-29,41,140,-74,3.4,,1
1994-10-29,42,135,-73,2.5,,1
1994-10-29,43,128,-71,1.2,,1
1994-10-29,44,122,-70,0.9,,1
1994-10-29,45,120,-70,1.0,,1
1994-10-29,46,108,-69,0.6,,1
1994-10-29,47,100,-69,0.4,,1
1994-10-29,48,83.2,-67,0.6,,1
1994-10-29,49,77,-68,1.2,,1
1994-10-29,50,70,-65,1.6,,1
1994-10-29,51,65.2,-66,2.9,,1
1994-10-29,52,63.8,-65,3.0,,1
1994-10-29,53,59,-63,2.6,,1
1994-10-29,54,54,-61,5.9,,1
1994-10-29,55,51.5,-59,9.7,,1
1994-10-29,56,50,-59,10.6,,1
1994-10-29,57,44.8,-58,11.3,,1
1994-10-29,58,41.6,-56,13.8,,1
1994-10-29,59,39.2,-55,13.2,,1
1994-10-29,60,38.5,-55,13.6,,1
1994-10-29,61,36.8,-55,14.5,,1
1994-10-29,62,36,-54,13.1,,1
1994-10-29,63,32.7,-52,14.2,,1
1994-10-29,64,31.1,-52,12.9,,1
1994-10-29,65,30,-52,14.1,,1
1994-10-29,66,27,-52,13.3,,1
1994-10-29,67,24.7,-51,13.6,,1
1994-10-29,68,21,-49,13.3,,1
1994-10-29,69,20,-49,12.9,,1
1994-10-29,70,19.2,-49,12.8,,1
1994-10-29,71,16,-48,13.0,,1
1994-10-29,72,13,-47,12.6,,1
1994-10-29,73,12,-47,13.9,,1
1994-10-29,74,10,-47,12.8,,1
1994-10-29,75,9.1,-47,12.5,,1
1994-10-29,76,8.2,-47,12.7,,1
1994-10-30,1,975,-8,3.1,,1
1994-10-30,2,912,-14,3.1,,1
1994-10-30,3,840,-16,3.3,,1
1994-10-30,4,800,-17,3.1,,1
1994-10-30,5,750,-19,3.3,,1
1994-10-30,6,700,-22,3.0,,1
1994-10-30,7,658,-26,2.6,,1
1994-10-30,8,620,-27,2.5,,1
1994-10-30,9,560,-35,2.0,,1
1994-10-30,10,512,-40,1.5,,1
1994-10-30,11,500,-41,1.5,,1
1994-10-30,12,460,-48,1.5,,1
1994-10-30,13,440,-50,1.4,,1
1994-10-30,14,430,-50,1.5,,1
1994-10-30,15,362,-59,1.0,,1
1994-10-30,16,345,-63,0.9,,1
1994-10-30,17,338,-64,0.7,,1
1994-10-30,18,315,-67,1.0,,1
1994-10-30,19,300,-69,0.9,,1
1994-10-30,20,297,-69,0.9,,1
1994-10-30,21,274,-69,1.4,,1
1994-10-30,22,270,-69,1.5,,1
1994-10-30,23,250,-71,1.7,,1
1994-10-30,24,241,-72,2.1,,1
1994-10-30,25,215,-72,3.3,,1
1994-10-30,26,200,-72,3.7,,1
1994-10-30,27,190,-71,4.0,,1
1994-10-30,28,171,-71,4.9,,1
1994-10-30,29,165,-71,4.7,,1
1994-10-30,30,150,-71,2.7,,1
1994-10-30,31,134,-70,0.7,,1
1994-10-30,32,127,-70,0.6,,1
1994-10-30,33,110,-68,1.0,,1
1994-10-30,34,103,-68,1.3,,1
1994-10-30,35,100,-67,2.2,,1
1994-10-30,36,97,-66,1.5,,1
1994-10-30,37,92,-64,2.0,,1
1994-10-30,38,87.8,-64,5.4,,1
1994-10-30,39,83.5,-64,4.8,,1
1994-10-30,40,80,-60,9.8,,1
1994-10-30,41,76,-59,8.6,,1
1994-10-30,42,74.2,-59,9.6,,1
1994-10-30,43,71.5,-57,13.0,,1
1994-10-30,44,70,-58,13.0,,1
1994-10-30,45,56,-51,12.5,,1
1994-10-30,46,54,-51,13.7,,1
1994-10-30,47,50,-51,11.9,,1
1994-10-30,48,47.1,-47,12.5,,1
1994-10-30,49,41,-41,11.5,,1
1994-10-30,50,36,-41,11.1,,1
1994-10-30,51,30,-38,11.5,,1
1994-10-30,52,29.6,-38,11.5,,1
1994-10-30,53,26,-37,11.4,,1
1994-10-30,54,24,-35,11.9,,1
1994-10-30,55,20.8,-33,10.1,,1
1994-10-30,56,20,-32,9.7,,1
1994-10-30,57,16.5,-32,9.0,,1
1994-11-12,1,968,-3,1.6,,1
1994-11-12,2,940,-5,1.5,,1
1994-11-12,3,915,-6,1.5,,1
1994-11-12,4,830,-12,1.0,,1
1994-11-12,5,785,-14,1.1,,1
1994-11-12,6,730,-19,0.9,,1
1994-11-12,7,700,-21,1.1,,1
1994-11-12,8,660,-21,0.9,,1
1994-11-12,9,622,-23,0.8,,1
1994-11-12,10,610,-24,0.9,,1
1994-11-12,11,568,-27,0.8,,1
1994-11-12,12,505,-31,0.8,,1
1994-11-12,13,500,-33,0.9,,1
1994-11-12,14,425,-41,0.8,,1
1994-11-12,15,395,-45,0.6,,1
1994-11-12,16,315,-56,0.5,,1
1994-11-12,17,300,-58,0.3,,1
1994-11-12,18,288,-59,0.5,,1
1994-11-12,19,280,-61,0.8,,1
1994-11-12,20,269,-62,1.0,,1
1994-11-12,21,256,-62,2.1,,1
1994-11-12,22,238,-64,2.7,,1
1994-11-12,23,225,-64,3.4,,1
1994-11-12,24,215,-62,4.1,,1
1994-11-12,25,212,-62,4.4,,1
1994-11-12,26,200,-63,4.6,,1
1994-11-12,27,186,-63,4.7,,1
1994-11-12,28,180,-63,4.7,,1
1994-11-12,29,150,-63,3.4,,1
1994-11-12,30,142,-62,2.9,,1
1994-11-12,31,138,-62,3.0,,1
1994-11-12,32,122,-63,2.4,,1
1994-11-12,33,109,-62,1.0,,1
1994-11-12,34,109,-62,1.1,,1
1994-11-12,35,100,-62,1.0,,1
1994-11-12,36,95,-61,0.7,,1
1994-11-12,37,92,-60,0.9,,1
1994-11-12,38,90.2,-59,0.6,,1
1994-11-12,39,88.2,-57,0.8,,1
1994-11-12,40,86.9,-56,0.8,,1
1994-11-12,41,85.3,-56,1.0,,1
1994-11-12,42,80.6,-54,1.2,,1
1994-11-12,43,74.4,-50,2.8,,1
1994-11-12,44,70,-48,3.3,,1
1994-11-12,45,67.8,-47,4.0,,1
1994-11-12,46,62,-44,3.4,,1
1994-11-12,47,58,-40,4.5,,1
1994-11-12,48,51.8,-34,6.6,,1
1994-11-12,49,50,-31,7.3,,1
1994-11-12,50,48.5,-30,8.0,,1
1994-11-12,51,44.2,-25,9.2,,1
1994-11-12,52,40.3,-20,6.4,,1
1994-11-12,53,38,-20,2.8,,1
1994-11-12,54,36.4,-19,1.9,,1
1994-11-12,55,34.8,-19,1.5,,1
1994-11-12,56,31,-19,2.5,,1
1994-11-12,57,30,-18,2.4,,1
1994-11-12,58,26,-18,1.9,,1
1994-11-12,59,22.1,-19,1.5,,1
1994-11-12,60,20.2,-20,2.0,,1
1994-11-12,61,20,-20,2.1,,1
1994-11-12,62,17.4,-20,2.0,,1
1994-11-12,63,16,-20,2.6,,1
1994-11-12,64,14.7,-20,3.0,,1
1994-11-12,65,13,-20,3.5,,1
1994-11-12,66,12.2,-22,3.4,,1
1994-11-12,67,10,-21,3.8,,1
1994-11-12,68,9,-21,4.1,,1
1994-11-26,1,977,2,2.4,,1
1994-11-26,2,830,-11,2.1,,1
1994-11-26,3,820,-11,1.9,,1
1994-11-26,4,780,-14,1.8,,1
1994-11-26,5,760,-16,1.5,,1
1994-11-26,6,738,-17,1.7,,1
1994-11-26,7,705,-20,1.4,,1
1994-11-26,8,700,-20,1.3,,1
1994-11-26,9,672,-20,1.0,,1
1994-11-26,10,592,-25,1.3,,1
1994-11-26,11,570,-27,1.6,,1
1994-11-26,12,550,-28,1.5,,1
1994-11-26,13,540,-28,1.8,,1
1994-11-26,14,512,-30,1.7,,1
1994-11-26,15,500,-31,1.5,,1
1994-11-26,16,480,-33,1.2,,1
1994-11-26,17,470,-34,1.4,,1
1994-11-26,18,450,-37,1.1,,1
1994-11-26,19,412,-41,1.2,,1
1994-11-26,20,394,-43,1.5,,1
1994-11-26,21,370,-46,1.4,,1
1994-11-26,22,353,-47,0.9,,1
1994-11-26,23,342,-49,0.8,,1
1994-11-26,24,334,-50,1.0,,1
1994-11-26,25,310,-54,0.7,,1
1994-11-26,26,300,-56,0.9,,1
1994-11-26,27,280,-58,1.1,,1
1994-11-26,28,224,-59,3.7,,1
1994-11-26,29,210,-60,3.7,,1
1994-11-26,30,200,-58,4.0,,1
1994-11-26,31,194,-59,4.1,,1
1994-11-26,32,168,-59,4.4,,1
1994-11-26,33,150,-58,4.1,,1
1994-11-26,34,135,-58,3.7,,1
1994-11-26,35,130,-58,3.7,,1
1994-11-26,36,125,-57,3.3,,1
1994-11-26,37,120,-57,3.3,,1
1994-11-26,38,112,-56,5.4,,1
1994-11-26,39,108,-55,5.0,,1
1994-11-26,40,100,-56,3.3,,1
1994-11-26,41,92.5,-54,2.5,,1
1994-11-26,42,82.4,-52,1.8,,1
1994-11-26,43,75.5,-51,2.1,,1
1994-11-26,44,72.1,-49,2.6,,1
1994-11-26,45,70,-49,2.9,,1
1994-11-26,46,68,-48,3.0,,1
1994-11-26,47,57,-43,4.6,,1
1994-11-26,48,53.8,-41,5.5,,1
1994-11-26,49,51,-41,5.8,,1
1994-11-26,50,50,-40,6.0,,1
1994-11-26,51,43.5,-36,7.7,,1
1994-11-26,52,37,-31,10.9,,1
1994-11-26,53,33.4,-30,11.5,,1
1994-11-26,54,30,-28,11.2,,1
1994-11-26,55,25,-24,11.2,,1
1994-11-26,56,22,-23,12.2,,1
1994-11-26,57,21,-24,12.7,,1
1994-11-26,58,20,-25,13.8,,1
1994-11-26,59,19,-25,14.6,,1
1994-11-26,60,16.8,-24,15.5,,1
1994-11-26,61,12,-20,16.4,,1
1994-11-26,62,10.3,-21,16.3,,1
1994-11-26,63,10,-21,16.2,,1
1994-11-26,64,7.4,-18,15.8,,1
1994-11-26,65,7,-18,15.8,,1
1994-11-26,66,5.8,-19,15.9,,1
1994-11-26,67,5,-21,15.1,,1
1994-11-26,68,4.8,-20,14.7,,1
1994-12-06,1,970,1,2.1,,1
1994-12-06,2,950,-1,1.9,,1
1994-12-06,3,864,-7,1.5,,1
1994-12-06,4,820,-13,1.4,,1
1994-12-06,5,710,-22,1.2,,1
1994-12-06,6,700,-22,1.3,,1
1994-12-06,7,670,-23,1.3,,1
1994-12-06,8,641,-23,1.2,,1
1994-12-06,9,603,-27,1.4,,1
1994-12-06,10,547,-33,1.1,,1
1994-12-06,11,506,-38,1.2,,1
1994-12-06,12,500,-38,1.3,,1
1994-12-06,13,450,-42,1.8,,1
1994-12-06,14,430,-44,1.3,,1
1994-12-06,15,404,-46,1.3,,1
1994-12-06,16,380,-52,0.9,,1
1994-12-06,17,366,-54,1.1,,1
1994-12-06,18,330,-61,1.1,,1
1994-12-06,19,305,-63,2.2,,1
1994-12-06,20,300,-64,2.6,,1
1994-12-06,21,294,-63,3.4,,1
1994-12-06,22,290,-63,3.6,,1
1994-12-06,23,270,-61,5.3,,1
1994-12-06,24,240,-61,5.8,,1
1994-12-06,25,231,-61,6.3,,1
1994-12-06,26,220,-61,6.7,,1
1994-12-06,27,206,-60,6.7,,1
1994-12-06,28,200,-60,5.8,,1
1994-12-06,29,182,-59,5.1,,1
1994-12-06,30,171,-59,4.3,,1
1994-12-06,31,159,-58,3.1,,1
1994-12-06,32,152,-58,2.9,,1
1994-12-06,33,150,-58,2.6,,1
1994-12-06,34,147,-58,2.5,,1
1994-12-06,35,140,-56,2.4,,1
1994-12-06,36,128,-56,3.0,,1
1994-12-06,37,122,-55,3.5,,1
1994-12-06,38,118,-54,5.4,,1
1994-12-06,39,108,-53,3.8,,1
1994-12-06,40,100,-51,4.3,,1
1994-12-06,41,98,-51,4.3,,1
1994-12-06,42,93.2,-47,6.0,,1
1994-12-06,43,85,-44,7.2,,1
1994-12-06,44,79,-44,7.3,,1
1994-12-06,45,72.8,-42,9.5,,1
1994-12-06,46,71,-41,9.8,,1
1994-12-06,47,70,-40,10.5,,1
1994-12-06,48,66,-38,13.3,,1
1994-12-06,49,64.1,-37,13.6,,1
1994-12-06,50,61.6,-36,15.3,,1
1994-12-06,51,60.2,-35,15.6,,1
1994-12-06,52,59,-34,17.3,,1
1994-12-06,53,57,-34,18.7,,1
1994-12-06,54,55.6,-33,18.9,,1
1994-12-06,55,54.2,-33,18.4,,1
1994-12-06,56,53,-34,18.7,,1
1994-12-06,57,50,-33,16.6,,1
1994-12-06,58,48.4,-31,15.2,,1
1994-12-06,59,46,-32,15.0,,1
1994-12-06,60,42.1,-31,13.0,,1
1994-12-06,61,40,-30,15.5,,1
1994-12-06,62,39.2,-29,17.2,,1
1994-12-06,63,38.1,-29,17.3,,1
1994-12-06,64,37,-29,16.9,,1
1994-12-06,65,34.2,-29,17.6,,1
1994-12-06,66,33.3,-29,17.3,,1
1994-12-06,67,31,-29,17.6,,1
1994-12-06,68,30,-29,17.3,,1
1994-12-06,69,28.1,-29,16.4,,1
1994-12-06,70,27.4,-29,16.6,,1
1994-12-06,71,26.5,-29,16.0,,1
1994-12-06,72,25,-29,13.2,,1
1994-12-06,73,24.1,-28,12.7,,1
1994-12-06,74,21.8,-28,10.0,,1
1994-12-06,75,21.2,-28,9.9,,1
1994-12-06,76,20,,9.9,,1
1994-12-06,77,18.8,,8.4,,1
1994-12-06,78,18,,8.5,,1
1994-12-06,79,17,,8.1,,1
1994-12-06,80,12.5,,5.8,,1
1994-12-06,81,10,,4.2,,1
1994-12-06,82,9.2,,3.7,,1
1994-12-06,83,7.6,,2.9,,1
1994-12-06,84,7,,2.9,,1
1994-12-06,85,6,,2.1,,1
1994-12-06,86,5,,1.9,,1
1994-12-06,87,4,,1.0,,1
1994-12-06,88,3,,0.4,,1
1994-12-12,1,970,-1,2.7,,1
1994-12-12,2,845,-8,2.6,,1
1994-12-12,3,830,-7,2.4,,1
1994-12-12,4,810,-9,2.3,,1
1994-12-12,5,798,-9,2.1,,1
1994-12-12,6,760,-8,2.0,,1
1994-12-12,7,720,-12,2.1,,1
1994-12-12,8,700,-13,1.8,,1
1994-12-12,9,682,-14,1.7,,1
1994-12-12,10,650,-17,1.7,,1
1994-12-12,11,612,-18,1.5,,1
1994-12-12,12,530,-25,1.8,,1
1994-12-12,13,518,-27,1.9,,1
1994-12-12,14,500,-28,1.7,,1
1994-12-12,15,470,-32,1.4,,1
1994-12-12,16,428,-38,1.9,,1
1994-12-12,17,385,-44,2.0,,1
1994-12-12,18,360,-47,2.0,,1
1994-12-12,19,340,-50,2.3,,1
1994-12-12,20,303,-55,1.8,,1
1994-12-12,21,300,-56,1.8,,1
1994-12-12,22,271,-53,3.8,,1
1994-12-12,23,245,-51,5.1,,1
1994-12-12,24,235,-49,6.1,,1
1994-12-12,25,220,-48,5.7,,1
1994-12-12,26,210,-43,6.4,,1
1994-12-12,27,200,-47,6.2,,1
1994-12-12,28,188,-47,6.2,,1
1994-12-12,29,172,-46,6.4,,1
1994-12-12,30,158,-47,6.1,,1
1994-12-12,31,150,-47,6.7,,1
1994-12-12,32,130,-47,9.0,,1
1994-12-12,33,100,-40,11.7,,1
1994-12-12,34,91.3,-40,12.6,,1
1994-12-12,35,87,-40,14.3,,1
1994-12-12,36,83.1,-39,14.9,,1
1994-12-12,37,76.5,-40,17.0,,1
1994-12-12,38,74.5,-38,17.8,,1
1994-12-12,39,71.8,-37,17.9,,1
1994-12-12,40,70,-37,18.7,,1
1994-12-12,41,64,-38,16.7,,1
1994-12-12,42,59,-37,16.5,,1
1994-12-12,43,57.8,-37,16.8,,1
1994-12-12,44,53.2,-36,16.7,,1
1994-12-12,45,50,-36,16.2,,1
1994-12-12,46,45.6,-35,15.7,,1
1994-12-12,47,41.2,-34,15.1,,1
1994-12-12,48,37.2,-34,14.4,,1
1994-12-12,49,34.3,-36,13.3,,1
1994-12-12,50,30,-32,11.9,,1
1994-12-12,51,28.6,-32,11.4,,1
1994-12-12,52,25.5,-33,10.3,,1
1994-12-12,53,22,-31,10.2,,1
1994-12-12,54,20,-30,9.6,,1
1994-12-12,55,19.1,-30,9.3,,1
1994-12-12,56,17,-30,8.8,,1
1994-12-12,57,15,-30,7.4,,1
1994-12-12,58,13.8,-30,6.7,,1
1994-12-12,59,12,-30,6.0,,1
1994-12-12,60,10,-30,5.5,,1
1994-12-12,61,7,-24,4.3,,1
1994-12-12,62,5,-24,4.2,,1
1994-12-12,63,4,-23,3.7,,1
1994-12-21,1,973,-4,1.8,,1
1994-12-21,2,944,-8,1.4,,1
1994-12-21,3,880,-9,0.9,,1
1994-12-21,4,857,-9,1.1,,1
1994-12-21,5,810,-13,1.0,,1
1994-12-21,6,765,-16,1.2,,1
1994-12-21,7,730,-19,0.8,,1
1994-12-21,8,700,-19,0.8,,1
1994-12-21,9,680,-20,0.6,,1
1994-12-21,10,658,-21,0.7,,1
1994-12-21,11,630,-23,0.5,,1
1994-12-21,12,570,-30,0.3,,1
1994-12-21,13,518,-34,0.3,,1
1994-12-21,14,500,-35,0.4,,1
1994-12-21,15,490,-36,0.5,,1
1994-12-21,16,442,-39,0.5,,1
1994-12-21,17,428,-41,0.8,,1
1994-12-21,18,410,-44,0.4,,1
1994-12-21,19,348,-54,0.2,,1
1994-12-21,20,300,-60,1.1,,1
1994-12-21,21,253,-54,4.1,,1
1994-12-21,22,230,-52,4.7,,1
1994-12-21,23,200,-50,4.6,,1
1994-12-21,24,177,-48,5.2,,1
1994-12-21,25,150,-47,5.9,,1
1994-12-21,26,144,-46,6.4,,1
1994-12-21,27,135,-46,7.8,,1
1994-12-21,28,130,-44,8.0,,1
1994-12-21,29,118,-42,9.9,,1
1994-12-21,30,110,-42,8.6,,1
1994-12-21,31,100,-43,10.9,,1
1994-12-21,32,95.2,-42,11.4,,1
1994-12-21,33,90,-44,12.6,,1
1994-12-21,34,85,-44,12.9,,1
1994-12-21,35,82,-43,15.6,,1
1994-12-21,36,78.5,-42,15.3,,1
1994-12-21,37,76,-42,15.6,,1
1994-12-21,38,74,-42,15.5,,1
1994-12-21,39,71,-42,16.4,,1
1994-12-21,40,70,-42,16.5,,1
1994-12-21,41,66,-42,16.3,,1
1994-12-21,42,62.4,-42,15.4,,1
1994-12-21,43,53,-41,14.6,,1
1994-12-21,44,50,-41,14.7,,1
1994-12-21,45,46.8,-40,14.9,,1
1994-12-21,46,40.3,-40,13.7,,1
1994-12-21,47,36,-39,13.4,,1
1994-12-21,48,30,-37,11.7,,1
1994-12-21,49,22,-38,10.0,,1
1994-12-21,50,20,-38,9.3,,1
1994-12-21,51,17.5,-38,8.2,,1
1994-12-21,52,15,-37,7.7,,1
1994-12-21,53,10.5,-34,6.7,,1
1994-12-21,54,10,-34,6.6,,1
1994-12-21,55,7,-34,4.8,,1
1994-12-21,56,5.8,-30,4.1,,1
1994-12-21,57,5,-28,3.9,,1
1994-12-21,58,4.4,-27,3.1,,1
1994-12-21,59,3.8,-27,2.6,,1
1994-12-21,60,3.2,-23,1.4,,1
1994-12-21,61,3,-21,1.0,,1
1995-01-05,1,976,-2,2.0,,0
1995-01-05,2,960,-4,1.8,,0
1995-01-05,3,882,-8,1.7,,0
1995-01-05,4,830,-11,0.8,,0
1995-01-05,5,810,-12,1.0,,0
1995-01-05,6,740,-18,1.1,,0
1995-01-05,7,700,-20,1.1,,0
1995-01-05,8,674,-20,1.0,,0
1995-01-05,9,610,-25,0.9,,0
1995-01-05,10,55,-31,0.9,,0
1995-01-05,11,500,-36,0.8,,0
1995-01-05,12,482,-37,0.8,,0
1995-01-05,13,416,-45,0.5,,0
1995-01-05,14,364,-52,0.5,,0
1995-01-05,15,361,-54,0.6,,0
1995-01-05,16,342,-57,0.5,,0
1995-01-05,17,334,-57,0.7,,0
1995-01-05,18,314,-61,0.5,,0
1995-01-05,19,306,-61,0.8,,0
1995-01-05,20,300,-62,0.7,,0
1995-01-05,21,296,-62,0.8,,0
1995-01-05,22,262,-57,4.4,,0
1995-01-05,23,255,-55,5.0,,0
1995-01-05,24,230,-52,5.7,,0
1995-01-05,25,218,-51,4.8,,0
1995-01-05,26,200,-49,4.7,,0
1995-01-05,27,192,-49,4.5,,0
1995-01-05,28,180,-47,5.0,,0
1995-01-05,29,170,-47,4.5,,0
1995-01-05,30,150,-45,6.6,,0
1995-01-05,31,148,-45,7.5,,0
1995-01-05,32,137,-45,9.0,,0
1995-01-05,33,121,-45,9.3,,0
1995-01-05,34,115,-44,10.0,,0
1995-01-05,35,111,-44,11.1,,0
1995-01-05,36,102,-43,11.5,,0
1995-01-05,37,100,-43,10.8,,0
1995-01-05,38,98.2,-42,9.9,,0
1995-01-05,39,89,-40,9.3,,0
1995-01-05,40,84,-40,13.1,,0
1995-01-05,41,77,-39,15.7,,0
1995-01-05,42,70,-40,15.0,,0
1995-01-05,43,69,-40,15.1,,0
1995-01-05,44,64,-39,17.0,,0
1995-01-05,45,60.2,-39,16.1,,0
1995-01-05,46,51,-37,16.2,,0
1995-01-05,47,50,-37,16.1,,0
1995-01-05,48,48,-37,16.2,,0
1995-01-05,49,39.2,-37,15.0,,0
1995-01-05,50,35.8,-37,15.1,,0
1995-01-05,51,31.2,-36,13.6,,0
1995-01-05,52,30,-36,13.3,,0
1995-01-05,53,27.8,-36,13.0,,0
1995-01-05,54,21,-34,13.3,,0
1995-01-05,55,20,-35,13.2,,0
1995-01-05,56,16,-33,12.3,,0
1995-01-21,1,970,0,1.2,,0
1995-01-21,2,930,-2,1.2,,0
1995-01-21,3,840,-10,0.9,,0
1995-01-21,4,800,-12,0.7,,0
1995-01-21,5,730,-14,0.7,,0
1995-01-21,6,700,-17,0.3,,0
1995-01-21,7,660,-21,0.3,,0
1995-01-21,8,580,-28,0.3,,0
1995-01-21,9,560,-29,0.7,,0
1995-01-21,10,500,-34,0.6,,0
1995-01-21,11,390,-45,0.2,,0
1995-01-21,12,342,-52,0.2,,0
1995-01-21,13,310,-52,3.3,,0
1995-01-21,14,300,-50,4.4,,0
1995-01-21,15,290,-49,5.0,,0
1995-01-21,16,275,-47,5.5,,0
1995-01-21,17,240,-44,5.5,,0
1995-01-21,18,210,-43,5.3,,0
1995-01-21,19,200,-43,5.7,,0
1995-01-21,20,184,-42,6.2,,0
1995-01-21,21,174,-42,5.1,,0
1995-01-21,22,162,-42,6.5,,0
1995-01-21,23,155,-42,6.5,,0
1995-01-21,24,150,-41,7.1,,0
1995-01-21,25,135,-41,8.4,,0
1995-01-21,26,130,-41,8.4,,0
1995-01-21,27,120,-41,9.0,,0
1995-01-21,28,100,-38,12.0,,0
1995-01-21,29,95,-39,9.6,,0
1995-01-21,30,87,-38,12.4,,0
1995-01-21,31,80,-37,13.2,,0
1995-01-21,32,74,-37,13.3,,0
1995-01-21,33,70,-38,13.7,,0
1995-01-21,34,67.9,-38,13.9,,0
1995-01-21,35,61,-37,13.3,,0
1995-01-21,36,55.5,-36,13.4,,0
1995-01-21,37,53,-36,12.7,,0
1995-01-21,38,50,-36,12.7,,0
1995-01-21,39,37.5,-34,10.9,,0
1995-01-21,40,35,-34,10.1,,0
1995-01-21,41,30,-33,9.3,,0
1995-01-21,42,24.5,-31,7.6,,0
1995-01-21,43,23,-31,7.5,,0
1995-01-21,44,21,-31,6.9,,0
1995-01-21,45,20,-30,6.7,,0
1995-01-21,46,17,-29,5.8,,0
1995-01-21,47,16.5,-29,5.6,,0
1995-01-21,48,15,-25,5.0,,0
1995-01-28,1,978,-2,5.5,,0
1995-01-28,2,840,-5,5.5,,0
1995-01-28,3,830,-12,4.8,,0
1995-01-28,4,780,-15,4.2,,0
1995-01-28,5,700,-18,4.5,,0
1995-01-28,6,640,-22,4.2,,0
1995-01-28,7,500,-32,4.0,,0
1995-01-28,8,450,-37,3.7,,0
1995-01-28,9,430,-39,4.0,,0
1995-01-28,10,400,-43,3.2,,0
1995-01-28,11,360,-48,3.4,,0
1995-01-28,12,350,-50,2.9,,0
1995-01-28,13,340,-52,3.2,,0
1995-01-28,14,320,-54,2.9,,0
1995-01-28,15,303,-56,3.3,,0
1995-01-28,16,300,-54,3.5,,0
1995-01-28,17,275,-51,7.9,,0
1995-01-28,18,255,-50,8.2,,0
1995-01-28,19,245,-50,7.6,,0
1995-01-28,20,240,-49,8.2,,0
1995-01-28,21,215,-47,8.7,,0
1995-01-28,22,200,-47,8.4,,0
1995-01-28,23,180,-46,8.5,,0
1995-01-28,24,168,-46,8.8,,0
1995-01-28,25,150,-44,8.7,,0
1995-01-28,26,140,-44,8.6,,0
1995-01-28,27,125,-43,11.8,,0
1995-01-28,28,120,-43,12.0,,0
1995-01-28,29,100,-41,17.8,,0
1995-01-28,30,96,-40,17.6,,0
1995-01-28,31,90,-40,16.5,,0
1995-01-28,32,81,-40,19.3,,0
1995-01-28,33,70,-39,18.7,,0
1995-01-28,34,65,-40,19.0,,0
1995-01-28,35,58,-40,17.4,,0
1995-01-28,36,50,-39,15.9,,0
1995-01-28,37,49,-39,15.7,,0
1995-01-28,38,45,-38,15.8,,0
1995-01-28,39,41.5,-39,13.4,,0
1995-01-28,40,37.5,-38,14.1,,0
1995-01-28,41,33.5,-38,13.3,,0
1995-01-28,42,30,-37,12.8,,0
1995-01-28,43,28,-37,12.7,,0
1995-01-28,44,23.4,-37,10.8,,0
1995-01-28,45,21.5,-37,10.5,,0
1995-01-28,46,20,-36,10.5,,0
1995-01-28,47,16.5,-35,10.3,,0
1995-01-28,48,15,-34,10.1,,0
1995-01-28,49,13.5,-34,9.5,,0
1995-01-28,50,11,-31,9.5,,0
1995-01-28,51,10,-30,9.4,,0
1995-01-28,52,8,-31,8.7,,0
1995-02-16,1,972,-3,1.5,,0
1995-02-16,2,840,-16,1.4,,0
1995-02-16,3,775,-21,1.5,,0
1995-02-16,4,700,-24,1.5,,0
1995-02-16,5,580,-29,1.0,,0
1995-02-16,6,520,-35,0.3,,0
1995-02-16,7,500,-37,0.5,,0
1995-02-16,8,450,-43,1.0,,0
1995-02-16,9,425,-45,0.5,,0
1995-02-16,10,390,-52,1.1,,0
1995-02-16,11,360,-55,1.2,,0
1995-02-16,12,334,-55,1.9,,0
1995-02-16,13,320,-55,2.8,,0
1995-02-16,14,300,-54,3.4,,0
1995-02-16,15,242,-51,4.7,,0
1995-02-16,16,225,-48,4.4,,0
1995-02-16,17,200,-49,4.5,,0
1995-02-16,18,190,-50,4.5,,0
1995-02-16,19,185,-50,4.0,,0
1995-02-16,20,170,-48,4.1,,0
1995-02-16,21,164,-48,4.6,,0
1995-02-16,22,150,-49,4.8,,0
1995-02-16,23,135,-50,6.3,,0
1995-02-16,24,125,-48,7.0,,0
1995-02-16,25,120,-48,7.0,,0
1995-02-16,26,105,-48,8.9,,0
1995-02-16,27,100,-48,9.0,,0
1995-02-16,28,95,-48,10.0,,0
1995-02-16,29,92.5,-47,9.0,,0
1995-02-16,30,83,-49,11.5,,0
1995-02-16,31,77.5,-47,12.0,,0
1995-02-16,32,72,-46,11.8,,0
1995-02-16,33,70,-45,11.6,,0
1995-02-16,34,61,-45,10.4,,0
1995-02-16,35,58,-45,10.4,,0
1995-02-16,36,56,-46,10.0,,0
1995-02-16,37,50,-45,9.2,,0
1995-02-16,38,48,-43,8.9,,0
1995-02-16,39,42.5,-44,8.9,,0
1995-02-16,40,36.5,-45,8.2,,0
1995-02-16,41,34,-43,8.4,,0
1995-02-16,42,30,-42,7.0,,0
1995-02-16,43,27.4,-42,6.3,,0
1995-02-16,44,21.5,-40,6.4,,0
1995-02-16,45,20,-40,6.1,,0
1995-02-16,46,15,-40,5.6,,0
1995-02-16,47,10,-39,3.5,,0
1995-02-16,48,9,-38,2.8,,0
1995-02-16,49,8,-37,2.6,,0
1995-02-16,50,7,-35,2.0,,0
1995-02-16,51,5.6,-34,1.7,,0
1995-02-18,1,976,-4,11.1,,0
1995-02-18,2,960,-6,1.6,,0
1995-02-18,3,868,-10,1.3,,0
1995-02-18,4,850,-10,1.2,,0
1995-02-18,5,810,-13,1.0,,0
1995-02-18,6,790,-16,1.1,,0
1995-02-18,7,714,-22,0.9,,0
1995-02-18,8,700,-22,1.1,,0
1995-02-18,9,652,-24,0.8,,0
1995-02-18,10,564,-29,0.9,,0
1995-02-18,11,510,-34,0.9,,0
1995-02-18,12,500,-34,0.9,,0
1995-02-18,13,478,-36,1.1,,0
1995-02-18,14,426,-41,0.7,,0
1995-02-18,15,398,-45,0.8,,0
1995-02-18,16,354,-51,0.7,,0
1995-02-18,17,304,-60,0.3,,0
1995-02-18,18,300,-60,0.3,,0
1995-02-18,19,294,-61,0.5,,0
1995-02-18,20,268,-56,3.5,,0
1995-02-18,21,262,-55,4.0,,0
1995-02-18,22,232,-50,5.1,,0
1995-02-18,23,229,-50,4.6,,0
1995-02-18,24,200,-49,4.6,,0
1995-02-18,25,185,-48,4.5,,0
1995-02-18,26,177,-48,5.3,,0
1995-02-18,27,168,-48,4.1,,0
1995-02-18,28,150,-49,5.3,,0
1995-02-18,29,142,-49,5.3,,0
1995-02-18,30,140,-49,4.5,,0
1995-02-18,31,120,-49,5.4,,0
1995-02-18,32,111,-50,6.3,,0
1995-02-18,33,109,-50,6.5,,0
1995-02-18,34,102,-50,9.4,,0
1995-02-18,35,100,-50,10.5,,0
1995-02-18,36,94,-50,11.0,,0
1995-02-18,37,87.5,-50,9.8,,0
1995-02-18,38,80.3,-49,11.2,,0
1995-02-18,39,75,-49,11.7,,0
1995-02-18,40,72,-49,12.2,,0
1995-02-18,41,70,-50,12.4,,0
1995-02-18,42,64.8,-50,12.5,,0
1995-02-18,43,58,-49,13.7,,0
1995-02-18,44,54.7,-49,13.3,,0
1995-02-18,45,52.7,-48,13.7,,0
1995-02-18,46,50,-48,13.9,,0
1995-02-18,47,48.5,-48,13.7,,0
1995-02-18,48,41.7,-48,13.9,,0
1995-02-18,49,40.8,-48,13.8,,0
1995-02-18,50,37.5,-48,12.4,,0
1995-02-18,51,35.8,-48,12.0,,0
1995-02-18,52,34,-48,12.1,,0
1995-02-18,53,32.2,-47,12.4,,0
1995-02-18,54,31,-47,12.1,,0
1995-02-18,55,30,-47,11.5,,0
1995-02-18,56,28.9,-47,11.0,,0
1995-02-18,57,22.5,-46,9.0,,0
1995-02-18,58,21,-46,8.7,,0
1995-02-18,59,20,-46,8.4,,0
1995-02-18,60,19.4,-46,8.1,,0
1995-02-18,61,18,-46,7.4,,0
1995-02-18,62,16.5,-46,6.8,,0
1995-02-18,63,16,-46,6.4,,0
1995-02-18,64,14,-44,5.4,,0
1995-03-30,1,976,-14,3.5,,0
1995-03-30,2,948,-15,3.5,,0
1995-03-30,3,790,-26,3.0,,0
1995-03-30,4,760,-29,2.8,,0
1995-03-30,5,700,-34,2.8,,0
1995-03-30,6,640,-32,2.8,,0
1995-03-30,7,600,-32,2.5,,0
1995-03-30,8,560,-38,2.3,,0
1995-03-30,9,524,-42,2.2,,0
1995-03-30,10,500,-44,2.3,,0
1995-03-30,11,470,-46,2.2,,0
1995-03-30,12,445,-49,2.2,,0
1995-03-30,13,444,-48,2.0,,0
1995-03-30,14,357,-67,1.8,,0
1995-03-30,15,318,-73,1.4,,0
1995-03-30,16,310,-75,1.4,,0
1995-03-30,17,300,-76,1.8,,0
1995-03-30,18,290,-77,2.3,,0
1995-03-30,19,279,-81,2.1,,0
1995-03-30,20,270,-82,3.2,,0
1995-03-30,21,250,-79,4.4,,0
1995-03-30,22,228,-72,6.2,,0
1995-03-30,23,213,-65,6.5,,0
1995-03-30,24,200,-61,6.8,,0
1995-03-30,25,187,-64,7.2,,0
1995-03-30,26,160,-69,6.9,,0
1995-03-30,27,157,-69,6.4,,0
1995-03-30,28,150,-65,7.9,,0
1995-03-30,29,145,-67,9.4,,0
1995-03-30,30,136,-67,11.0,,0
1995-03-30,31,130,-67,11.3,,0
1995-03-30,32,119,-66,12.5,,0
1995-03-30,33,100,-66,13.8,,0
1995-03-30,34,90,-67,14.5,,0
1995-03-30,35,80,-67,15.5,,0
1995-03-30,36,76,,14.5,,0
1995-03-30,37,71.1,,15.2,,0
1995-03-30,38,70,,15.5,,0
1995-03-30,39,68,,16.4,,0
1995-03-30,40,65,,17.1,,0
1995-03-30,41,63.9,,17.9,,0
1995-03-30,42,59,,17.9,,0
1995-03-30,43,52.5,,1.0,,0
1995-03-30,44,50,,17.8,,0
1995-03-30,45,48,,17.6,,0
1995-03-30,46,40.5,,15.7,,0
1995-03-30,47,38.2,,15.5,,0
1995-03-30,48,34.2,,14.3,,0
1995-03-30,49,31.2,,13.1,,0
1995-03-30,50,30,,12.4,,0
1995-03-30,51,24.3,,9.4,,0
1995-03-30,52,21.6,,8.9,,0
1995-03-30,53,20,,8.3,,0
1995-03-30,54,16,,6.9,,0
1995-03-30,55,15.2,,7.2,,0
1995-03-30,56,14.5,,7.2,,0
1995-03-30,57,14,,7.2,,0
1995-03-30,58,13.3,,6.9,,0
1995-03-30,59,11.1,,5.6,,0
1995-03-30,60,10,,5.3,,0
1995-10-02,1,958,-11,1.0,,0
1995-10-02,2,914,-14,2.2,,0
1995-10-02,3,887,-17,2.3,,0
1995-10-02,4,870,-18,2.2,,0
1995-10-02,5,720,-32,2.0,,0
1995-10-02,6,700,-33,1.8,,0
1995-10-02,7,630,-37,1.7,,0
1995-10-02,8,585,-39,1.7,,0
1995-10-02,9,545,-41,1.6,,0
1995-10-02,10,500,-46,1.5,,0
1995-10-02,11,475,-49,1.5,,0
1995-10-02,12,430,-55,1.5,,0
1995-10-02,13,400,-60,1.4,,0
1995-10-02,14,370,-63,1.6,,0
1995-10-02,15,344,-67,1.9,,0
1995-10-02,16,315,-71,1.8,,0
1995-10-02,17,305,-72,2.6,,0
1995-10-02,18,300,-73,3.1,,0
1995-10-02,19,270,-77,3.1,,0
1995-10-02,20,250,-80,3.1,,0
1995-10-02,21,245,-80,3.1,,0
1995-10-02,22,235,-80,3.9,,0
1995-10-02,23,210,-84,4.2,,0
1995-10-02,24,200,-86,4.4,,0
1995-10-02,25,190,-86,4.4,,0
1995-10-02,26,178,-87,4.8,,0
1995-10-02,27,150,-87,3.8,,0
1995-10-02,28,140,-90,3.4,,0
1995-10-02,29,127,,4.9,,0
1995-10-02,30,120,,4.8,,0
1995-10-02,31,100,,2.4,,0
1995-10-02,32,98.8,,1.1,,0
1995-10-02,33,82,,1.0,,0
1995-10-02,34,74.2,,1.5,,0
1995-10-02,35,70,,1.2,,0
1995-10-02,36,63.5,,1.2,,0
1995-10-02,37,59.8,,1.7,,0
1995-10-02,38,54,,1.3,,0
1995-10-02,39,50,,1.4,,0
1995-10-02,40,44,,1.8,,0
1995-10-02,41,41.3,,3.9,,0
1995-10-02,42,39.5,,4.9,,0
1995-10-02,43,35,,2.2,,0
1995-10-02,44,33,,2.2,,0
1995-10-02,45,30,,2.6,,0
1995-10-02,46,25.5,-88,4.8,,0
1995-10-02,47,23,-85,5.8,,0
1995-10-02,48,21,-83,6.2,,0
1995-10-02,49,20,-80,6.3,,0
1995-10-02,50,19,-77,6.5,,0
1995-10-02,51,17,-75,6.1,,0
1995-10-02,52,16,-74,6.1,,0
1995-10-02,53,15,-71,5.9,,0
1995-10-02,54,13.5,-70,5.2,,0
1995-10-02,55,13,-69,3.8,,0
1995-10-02,56,12.5,-68,3.7,,0
1995-10-02,57,11,-65,3.6,,0
1995-10-02,58,10.5,-63,3.3,,0
1995-10-02,59,10,-63,3.7,,0
1995-10-02,60,9,-63,3.7,,0
1995-10-02,61,8,-63,3.7,,0
1995-10-02,62,7,-63,3.6,,0
1995-10-02,63,6.5,-62,3.7,,0
1995-10-08,1,977,-17,2.2,,0
1995-10-08,2,890,-13,1.9,,0
1995-10-08,3,860,-16,2.1,,0
1995-10-08,4,809,-17,2.1,,0
1995-10-08,5,760,-23,1.6,,0
1995-10-08,6,700,-28,1.5,,0
1995-10-08,7,668,-30,1.8,,0
1995-10-08,8,648,-30,1.5,,0
1995-10-08,9,610,-31,1.5,,0
1995-10-08,10,570,-31,1.5,,0
1995-10-08,11,545,-32,1.5,,0
1995-10-08,12,500,-35,1.4,,0
1995-10-08,13,430,-49,1.1,,0
1995-10-08,14,378,-53,1.1,,0
1995-10-08,15,340,-61,0.6,,0
1995-10-08,16,300,-68,0.4,,0
1995-10-08,17,280,-75,0.7,,0
1995-10-08,18,260,-80,0.5,,0
1995-10-08,19,250,-84,0.9,,0
1995-10-08,20,225,-88,1.1,,0
1995-10-08,21,210,-88,1.9,,0
1995-10-08,22,200,-89,2.1,,0
1995-10-08,23,190,-89,2.9,,0
1995-10-08,24,180,-89,2.7,,0
1995-10-08,25,165,-90,2.7,,0
1995-10-08,26,150,-90,3.3,,0
1995-10-08,27,140,-90,2.9,,0
1995-10-08,28,137,-90,2.8,,0
1995-10-08,29,131,-90,3.4,,0
1995-10-08,30,120,-90,2.5,,0
1995-10-08,31,118,-90,1.9,,0
1995-10-08,32,112,-90,1.3,,0
1995-10-08,33,102,-90,0.3,,0
1995-10-08,34,100,-90,0.3,,0
1995-10-08,35,91,-90,0.4,,0
1995-10-08,36,90,-90,0.4,,0
1995-10-08,37,89,-90,0.4,,0
1995-10-08,38,83,-90,0.2,,0
1995-10-08,39,75,-90,0.1,,0
1995-10-08,40,70,-90,0.1,,0
1995-10-08,41,60.8,-90,0.3,,0
1995-10-08,42,62,-90,0.3,,0
1995-10-08,43,53.5,-90,0.5,,0
1995-10-08,44,50,-90,0.5,,0
1995-10-08,45,48,-90,0.6,,0
1995-10-08,46,46.4,-90,0.9,,0
1995-10-08,47,45,-90,0.3,,0
1995-10-08,48,40.5,-90,0.2,,0
1995-10-08,49,35.5,-90,0.3,,0
1995-10-08,50,30,-90,0.7,,0
1995-10-08,51,29,-88,0.9,,0
1995-10-08,52,24.5,-86,1.8,,0
1995-10-08,53,21,-83,2.8,,0
1995-10-08,54,20,-82,3.2,,0
1995-10-08,55,19.4,-82,3.5,,0
1995-10-08,56,13.8,-74,5.4,,0
1995-10-08,57,12,-68,5.3,,0
1995-10-08,58,10,-65,4.2,,0
1995-10-08,59,9.3,-65,3.7,,0
1995-10-08,60,7.5,-62,3.1,,0
1995-10-08,61,7,-59,3.3,,0
1995-10-08,62,6.1,-55,3.4,,0
1995-10-08,63,5.5,-54,2.8,,0
1995-10-11,1,978,-15,2.3,,0
1995-10-11,2,930,-19,2.4,,0
1995-10-11,3,900,-21,2.2,,0
1995-10-11,4,844,-25,2.4,,0
1995-10-11,5,822,-26,2.2,,0
1995-10-11,6,810,-27,2.3,,0
1995-10-11,7,767,-32,2.0,,0
1995-10-11,8,718,-34,2.0,,0
1995-10-11,9,700,-34,2.0,,0
1995-10-11,10,658,-36,1.9,,0
1995-10-11,11,610,-40,1.8,,0
1995-10-11,12,585,-39,2.1,,0
1995-10-11,13,555,-46,2.5,,0
1995-10-11,14,500,-49,2.2,,0
1995-10-11,15,476,-51,1.9,,0
1995-10-11,16,452,-52,2.0,,0
1995-10-11,17,430,-53,1.6,,0
1995-10-11,18,400,-57,1.3,,0
1995-10-11,19,376,-60,1.4,,0
1995-10-11,20,326,-75,1.3,,0
1995-10-11,21,318,-75,1.3,,0
1995-10-11,22,308,-74,1.4,,0
1995-10-11,23,300,-76,1.6,,0
1995-10-11,24,275,-80,2.1,,0
1995-10-11,25,250,-83,2.7,,0
1995-10-11,26,230,-84,3.4,,0
1995-10-11,27,210,-86,4.3,,0
1995-10-11,28,200,-88,4.5,,0
1995-10-11,29,180,-90,4.1,,0
1995-10-11,30,173,-90,4.3,,0
1995-10-11,31,160,-90,3.6,,0
1995-10-11,32,150,-90,3.4,,0
1995-10-11,33,141,-90,3.2,,0
1995-10-11,34,126,-90,2.3,,0
1995-10-11,35,120,-90,1.1,,0
1995-10-11,36,100,-90,0.8,,0
1995-10-11,37,90,-90,0.7,,0
1995-10-11,38,73.2,-90,0.4,,0
1995-10-11,39,70,-90,0.4,,0
1995-10-11,40,65,-90,0.4,,0
1995-10-11,41,56.8,-90,0.5,,0
1995-10-11,42,51.5,-90,0.7,,0
1995-10-11,43,50,-90,0.8,,0
1995-10-11,44,45.2,-90,0.9,,0
1995-10-11,45,41.7,-90,1.2,,0
1995-10-11,46,35.5,-90,2.0,,0
1995-10-11,47,31.7,-86,2.4,,0
1995-10-11,48,30,-86,2.8,,0
1995-10-11,49,28,-81,4.0,,0
1995-10-11,50,27,-80,4.0,,0
1995-10-11,51,25.4,-78,4.7,,0
1995-10-11,52,23.2,-79,5.9,,0
1995-10-11,53,22,-78,6.3,,0
1995-10-11,54,21,-76,6.7,,0
1995-10-11,55,20,-74,6.9,,0
1995-10-11,56,18.6,-71,7.0,,0
1995-10-11,57,15.7,-71,6.4,,0
1995-10-11,58,14,-70,6.0,,0
1995-10-11,59,12.1,-70,5.2,,0
1995-10-11,60,10.9,-67,4.4,,0
1995-10-11,61,10,-64,3.9,,0
1995-10-11,62,9.4,-62,3.6,,0
1995-10-11,63,8.5,-60,3.4,,0
1995-10-18,1,972,-11,2.3,,0
1995-10-18,2,94,-12,2.7,,0
1995-10-18,3,900,-15,2.5,,0
1995-10-18,4,870,-16,2.7,,0
1995-10-18,5,820,-20,2.7,,0
1995-10-18,6,775,-23,2.3,,0
1995-10-18,7,740,-26,2.3,,0
1995-10-18,8,700,-26,1.7,,0
1995-10-18,9,620,-31,1.8,,0
1995-10-18,10,570,-35,1.2,,0
1995-10-18,11,530,-41,1.0,,0
1995-10-18,12,510,-43,1.2,,0
1995-10-18,13,500,-43,1.2,,0
1995-10-18,14,490,-41,1.3,,0
1995-10-18,15,445,-46,1.2,,0
1995-10-18,16,415,-49,1.2,,0
1995-10-18,17,390,-52,0.9,,0
1995-10-18,18,363,-58,1.0,,0
1995-10-18,19,350,-61,0.7,,0
1995-10-18,20,300,-72,0.6,,0
1995-10-18,21,280,-76,0.4,,0
1995-10-18,22,260,-82,0.8,,0
1995-10-18,23,240,-86,0.8,,0
1995-10-18,24,225,-85,0.6,,0
1995-10-18,25,200,-90,1.2,,0
1995-10-18,26,180,-90,1.6,,0
1995-10-18,27,175,-90,2.6,,0
1995-10-18,28,150,-90,1.2,,0
1995-10-18,29,135,-90,0.3,,0
1995-10-18,30,100,-90,0.3,,0
1995-10-18,31,97,-90,1.2,,0
1995-10-18,32,93,-90,0.7,,0
1995-10-18,33,79,-90,1.3,,0
1995-10-18,34,72.5,-90,2.8,,0
1995-10-18,35,70,-90,2.3,,0
1995-10-18,36,65,-90,1.5,,0
1995-10-18,37,59,-90,1.9,,0
1995-10-18,38,53.5,-90,1.3,,0
1995-10-18,39,50,-90,3.1,,0
1995-10-18,40,44.5,-77,5.6,,0
1995-10-18,41,41,-72,6.1,,0
1995-10-18,42,38,-68,6.1,,0
1995-10-18,43,34,-66,5.8,,0
1995-10-18,44,30,-62,5.1,,0
1995-10-18,45,26.5,-52,4.4,,0
1995-10-18,46,24.4,-50,4.1,,0
1995-10-18,47,23,-50,3.7,,0
1995-10-18,48,20,-46,3.9,,0
1995-10-20,1,973,-17,1.2,,0
1995-10-20,2,922,-13,2.1,,0
1995-10-20,3,866,-15,1.6,,0
1995-10-20,4,821,-19,1.1,,0
1995-10-20,5,790,-20,1.8,,0
1995-10-20,6,725,-23,1.5,,0
1995-10-20,7,700,-25,1.1,,0
1995-10-20,8,683,-26,0.9,,0
1995-10-20,9,624,-30,1.2,,0
1995-10-20,10,582,-33,1.6,,0
1995-10-20,11,523,-38,1.6,,0
1995-10-20,12,514,-39,0.6,,0
1995-10-20,13,500,-41,0.6,,0
1995-10-20,14,493,-42,1.3,,0
1995-10-20,15,482,-43,0.7,,0
1995-10-20,16,450,-46,1.3,,0
1995-10-20,17,420,-51,0.6,,0
1995-10-20,18,382,-58,1.4,,0
1995-10-20,19,373,-60,1.3,,0
1995-10-20,20,370,-60,1.2,,0
1995-10-20,21,333,-68,0.8,,0
1995-10-20,22,300,-70,0.8,,0
1995-10-20,23,285,-74,0.8,,0
1995-10-20,24,276,-76,1.4,,0
1995-10-20,25,250,-82,1.5,,0
1995-10-20,26,229,-85,1.8,,0
1995-10-20,27,200,-86,3.2,,0
1995-10-20,28,190,-85,4.1,,0
1995-10-20,29,182,-85,3.6,,0
1995-10-20,30,172,-86,4.8,,0
1995-10-20,31,150,-87,3.9,,0
1995-10-20,32,131,-90,3.2,,0
1995-10-20,33,122,-90,3.2,,0
1995-10-20,34,111,-90,3.4,,0
1995-10-20,35,100,-90,4.5,,0
1995-10-20,36,90,-90,4.2,,0
1995-10-20,37,86.1,-90,2.7,,0
1995-10-20,38,78.9,-90,4.3,,0
1995-10-20,39,78.2,-90,4.3,,0
1995-10-20,40,70,-90,5.1,,0
1995-10-20,41,68,-90,4.3,,0
1995-10-20,42,64,-90,5.9,,0
1995-10-20,43,61.1,-90,6.8,,0
1995-10-20,44,57,-90,5.4,,0
1995-10-20,45,53.2,-90,2.5,,0
1995-10-20,46,50,-90,1.5,,0
1995-10-20,47,46,-90,1.3,,0
1995-10-20,48,43.7,-90,1.5,,0
1995-10-20,49,40.4,-90,2.3,,0
1995-10-20,50,38,-90,2.1,,0
1995-10-20,51,35.2,-90,2.0,,0
1995-10-20,52,33.3,-90,2.5,,0
1995-10-20,53,31.9,-90,3.0,,0
1995-10-20,54,30,-88,4.9,,0
1995-10-20,55,27,-82,5.9,,0
1995-10-20,56,24.7,-78,7.6,,0
1995-10-20,57,23,-73,7.5,,0
1995-10-20,58,21.5,-72,7.2,,0
1995-10-20,59,20,-70,6.6,,0
1995-10-20,60,18.1,-68,6.3,,0
1995-10-20,61,17,-67,6.1,,0
1995-10-20,62,16,-66,4.2,,0
1995-10-20,63,15.6,-65,3.9,,0
1995-10-20,64,15,-64,3.1,,0
1995-10-28,1,974,-11,1.2,,0
1995-10-28,2,922,-12,0.8,,0
1995-10-28,3,890,-14,1.1,,0
1995-10-28,4,860,-15,1.2,,0
1995-10-28,5,819,-16,1.1,,0
1995-10-28,6,761,-17,0.9,,0
1995-10-28,7,733,-19,0.6,,0
1995-10-28,8,700,-21,0.9,,0
1995-10-28,9,670,-23,0.6,,0
1995-10-28,10,630,-26,1.0,,0
1995-10-28,11,580,-30,0.5,,0
1995-10-28,12,532,-35,0.8,,0
1995-10-28,13,500,-36,0.8,,0
1995-10-28,14,488,-38,0.8,,0
1995-10-28,15,446,-42,0.4,,0
1995-10-28,16,430,-47,0.2,,0
1995-10-28,17,400,-52,0.3,,0
1995-10-28,18,372,-55,0.2,,0
1995-10-28,19,337,-56,0.2,,0
1995-10-28,20,300,-71,0.1,,0
1995-10-28,21,271,-75,0.2,,0
1995-10-28,22,250,-81,0.1,,0
1995-10-28,23,230,-85,0.2,,0
1995-10-28,24,220,-87,0.6,,0
1995-10-28,25,210,-87,1.1,,0
1995-10-28,26,200,-86,1.9,,0
1995-10-28,27,186,-87,2.4,,0
1995-10-28,28,172,-88,3.1,,0
1995-10-28,29,161,-90,3.1,,0
1995-10-28,30,150,-90,2.7,,0
1995-10-28,31,145,-90,2.1,,0
1995-10-28,32,140,-90,2.9,,0
1995-10-28,33,126,-90,3.3,,0
1995-10-28,34,120,-90,2.8,,0
1995-10-28,35,110,-90,2.9,,0
1995-10-28,36,107,-90,2.6,,0
1995-10-28,37,100,-90,0.9,,0
1995-10-28,38,98,-90,0.7,,0
1995-10-28,39,88,-90,1.0,,0
1995-10-28,40,82.8,-90,2.5,,0
1995-10-28,41,78,-90,4.0,,0
1995-10-28,42,70,-90,3.3,,0
1995-10-28,43,69,-90,3.2,,0
1995-10-28,44,63.9,-85,4.1,,0
1995-10-28,45,53.5,-85,3.2,,0
1995-10-28,46,57.2,-86,2.3,,0
1995-10-28,47,52,-85,1.5,,0
1995-10-28,48,50,-81,2.1,,0
1995-10-28,49,48.8,-79,2.5,,0
1995-10-28,50,45.5,-78,2.4,,0
1995-10-28,51,40,-75,4.1,,0
1995-10-28,52,38.5,-76,5.0,,0
1995-10-28,53,33,-73,5.8,,0
1995-10-28,54,30,-64,5.9,,0
1995-10-28,55,29,-61,6.1,,0
1995-10-28,56,27,-57,6.3,,0
1995-10-28,57,24.5,-54,6.1,,0
1995-11-02,1,966,-10,3.1,,0
1995-11-02,2,920,-15,2.9,,0
1995-11-02,3,875,-18,2.2,,0
1995-11-02,4,790,-25,2.8,,0
1995-11-02,5,710,-28,2.6,,0
1995-11-02,6,700,-28,2.5,,0
1995-11-02,7,610,-32,2.6,,0
1995-11-02,8,525,-41,1.8,,0
1995-11-02,9,500,-44,1.7,,0
1995-11-02,10,475,-47,1.6,,0
1995-11-02,11,410,-56,1.1,,0
1995-11-02,12,360,-65,1.4,,0
1995-11-02,13,342,-68,1.4,,0
1995-11-02,14,315,-73,1.3,,0
1995-11-02,15,305,-75,0.7,,0
1995-11-02,16,300,-75,0.8,,0
1995-11-02,17,293,-80,1.0,,0
1995-11-02,18,280,-79,1.2,,0
1995-11-02,19,250,-81,2.5,,0
1995-11-02,20,240,-81,3.2,,0
1995-11-02,21,227,-82,4.0,,0
1995-11-02,22,215,-82,3.7,,0
1995-11-02,23,200,-84,4.6,,0
1995-11-02,24,177,-85,4.7,,0
1995-11-02,25,170,-85,5.2,,0
1995-11-02,26,155,-85,5.0,,0
1995-11-02,27,150,-86,3.4,,0
1995-11-02,28,145,-87,3.0,,0
1995-11-02,29,134,-88,2.8,,0
1995-11-02,30,125,-87,2.1,,0
1995-11-02,31,100,-87,1.3,,0
1995-11-02,32,93,-87,2.0,,0
1995-11-02,33,75,-86,2.1,,0
1995-11-02,34,70,-85,3.4,,0
1995-11-02,35,65,-84,1.6,,0
1995-11-02,36,62,-82,1.1,,0
1995-11-02,37,61,-81,11.6,,0
1995-11-02,38,56,-79,3.3,,0
1995-11-02,39,50,-76,3.2,,0
1995-11-02,40,46,-73,4.2,,0
1995-11-02,41,42,-70,4.2,,0
1995-11-02,42,37,-66,3.9,,0
1995-11-02,43,35,-65,4.7,,0
1995-11-02,44,34,-64,5.7,,0
1995-11-02,45,32,-64,6.0,,0
1995-11-02,46,30,-62,7.3,,0
1995-11-02,47,25,-58,9.3,,0
1995-11-02,48,21,-54,9.9,,0
1995-11-02,49,20,-51,10.2,,0
1995-11-02,50,15,-48,10.1,,0
1995-11-02,51,11,-47,8.5,,0
1995-11-02,52,10,-46,8.8,,0
1995-11-02,53,9,-44,9.1,,0
1995-11-02,54,8,-44,8.4,,0
1995-11-02,55,7,-41,8.7,,0
1995-11-02,56,6,-39,8.9,,0
1995-11-02,57,5,-37,8.6,,0
1995-11-02,58,3,-37,9.2,,0
1995-11-16,1,967,-8,2.0,,0
1995-11-16,2,900,-13,2.0,,0
1995-11-16,3,820,-20,1.5,,0
1995-11-16,4,750,-24,1.4,,0
1995-11-16,5,700,-28,1.3,,0
1995-11-16,6,690,-28,1.4,,0
1995-11-16,7,650,-32,1.2,,0
1995-11-16,8,550,-38,1.2,,0
1995-11-16,9,500,-43,1.0,,0
1995-11-16,10,460,-46,1.3,,0
1995-11-16,11,435,-49,1.0,,0
1995-11-16,12,387,-55,1.0,,0
1995-11-16,13,350,-58,0.8,,0
1995-11-16,14,320,-60,1.1,,0
1995-11-16,15,310,-62,0.8,,0
1995-11-16,16,300,-63,1.0,,0
1995-11-16,17,270,-71,1.7,,0
1995-11-16,18,255,-73,1.7,,0
1995-11-16,19,230,-76,2.8,,0
1995-11-16,20,220,-74,3.2,,0
1995-11-16,21,200,-75,4.0,,0
1995-11-16,22,190,-76,4.2,,0
1995-11-16,23,170,-78,3.5,,0
1995-11-16,24,150,-81,2.2,,0
1995-11-16,25,125,-81,1.2,,0
1995-11-16,26,115,-81,0.8,,0
1995-11-16,27,110,-81,0.7,,0
1995-11-16,28,100,-80,0.8,,0
1995-11-16,29,87,-79,0.8,,0
1995-11-16,30,82,-79,1.1,,0
1995-11-16,31,77,-78,1.9,,0
1995-11-16,32,73.5,0,1.7,,0
1995-11-16,33,70,-76,2.4,,0
1995-11-16,34,65,-75,1.7,,0
1995-11-16,35,57.5,-71,1.7,,0
1995-11-16,36,50,-66,2.8,,0
1995-11-16,37,46.5,-64,3.1,,0
1995-11-16,38,42.2,-62,2.8,,0
1995-11-16,39,39.4,-58,3.1,,0
1995-11-16,40,35.5,-53,4.9,,0
1995-11-16,41,32.3,0,6.1,,0
1995-11-16,42,30,-48,6.5,,0
1995-11-16,43,28.2,-47,6.9,,0
1995-11-16,44,27,-45,6.9,,0
1995-11-16,45,25.5,-42,7.2,,0
1995-11-16,46,20,-38,6.2,,0
1995-11-16,47,18.5,-36,5.9,,0
1995-11-16,48,17.2,-35,6.2,,0
1995-11-16,49,15,-35,5.9,,0
1995-11-16,50,14,-33,6.0,,0
1995-11-16,51,10,-20,6.1,,0
1995-11-16,52,7,-17,6.3,,0
1995-11-16,53,6,-14,6.6,,0
1995-11-21,1,971,0,2.5,,0
1995-11-21,2,935,0,2.6,,0
1995-11-21,3,905,-9,2.5,,0
1995-11-21,4,900,-9,2.5,,0
1995-11-21,5,885,-12,2.4,,0
1995-11-21,6,700,-23,1.9,,0
1995-11-21,7,603,-31,1.8,,0
1995-11-21,8,560,-36,1.6,,0
1995-11-21,9,528,-39,1.5,,0
1995-11-21,10,500,-42,1.5,,0
1995-11-21,11,430,-46,1.4,,0
1995-11-21,12,420,-53,1.5,,0
1995-11-21,13,390,-57,1.3,,0
1995-11-21,14,350,-62,1.4,,0
1995-11-21,15,300,-67,2.0,,0
1995-11-21,16,280,-68,2.4,,0
1995-11-21,17,270,-68,2.6,,0
1995-11-21,18,269,-70,2.2,,0
1995-11-21,19,260,-70,1.9,,0
1995-11-21,20,200,-75,4.1,,0
1995-11-21,21,183,-75,4.7,,0
1995-11-21,22,162,-76,5.0,,0
1995-11-21,23,160,-77,4.5,,0
1995-11-21,24,150,-79,4.5,,0
1995-11-21,25,140,-79,4.7,,0
1995-11-21,26,122,-80,2.8,,0
1995-11-21,27,110,-80,1.7,,0
1995-11-21,28,100,-80,1.4,,0
1995-11-21,29,90,-79,1.3,,0
1995-11-21,30,85.2,-77,1.1,,0
1995-11-21,31,82,-77,1.4,,0
1995-11-21,32,75,-76,1.8,,0
1995-11-21,33,70,-75,1.6,,0
1995-11-21,34,62,-72,2.4,,0
1995-11-21,35,57,-70,2.5,,0
1995-11-21,36,50.5,-66,4.0,,0
1995-11-21,37,50,-66,4.0,,0
1995-11-21,38,48,-62,3.5,,0
1995-11-21,39,41,-58,4.8,,0
1995-11-21,40,38.2,-55,5.3,,0
1995-11-21,41,36,-53,6.4,,0
1995-11-21,42,31.5,-48,7.8,,0
1995-11-21,43,30,-47,7.9,,0
1995-11-21,44,27.2,-44,8.4,,0
1995-11-21,45,24.7,-42,7.6,,0
1995-11-21,46,21.3,-39,8.4,,0
1995-11-21,47,20,-39,8.2,,0
1995-11-21,48,18.4,-40,7.8,,0
1995-11-21,49,15.3,-32,8.0,,0
1995-11-21,50,13.1,-31,7.9,,0
1995-11-21,51,10.7,-28,8.2,,0
1995-11-21,52,10,-26,8.2,,0
1995-11-21,53,8.2,-26,8.4,,0
1995-11-21,54,5.4,-23,8.8,,0
1995-12-04,1,961,2,1.5,,0
1995-12-04,2,882,-6,1.5,,0
1995-12-04,3,840,-9,1.3,,0
1995-12-04,4,799,-14,1.6,,0
1995-12-04,5,730,-7,1.2,,0
1995-12-04,6,700,-25,1.1,,0
1995-12-04,7,680,-27,1.0,,0
1995-12-04,8,630,-30,1.1,,0
1995-12-04,9,601,-30,1.4,,0
1995-12-04,10,570,-32,1.3,,0
1995-12-04,11,530,-35,0.8,,0
1995-12-04,12,500,-38,1.1,,0
1995-12-04,13,490,-39,1.0,,0
1995-12-04,14,432,-45,0.8,,0
1995-12-04,15,400,-48,0.6,,0
1995-12-04,16,370,-53,0.8,,0
1995-12-04,17,320,-61,0.4,,0
1995-12-04,18,300,-66,0.3,,0
1995-12-04,19,290,-68,0.2,,0
1995-12-04,20,273,-69,0.7,,0
1995-12-04,21,262,-75,0.2,,0
1995-12-04,22,245,-83,0.6,,0
1995-12-04,23,218,-82,1.9,,0
1995-12-04,24,203,-82,2.5,,0
1995-12-04,25,200,-81,3.2,,0
1995-12-04,26,190,-80,4.0,,0
1995-12-04,27,170,-80,4.2,,0
1995-12-04,28,160,-80,3.7,,0
1995-12-04,29,158,-80,3.1,,0
1995-12-04,30,150,-81,2.9,,0
1995-12-04,31,137,-81,2.4,,0
1995-12-04,32,111,-78,0.5,,0
1995-12-04,33,109,-77,1.3,,0
1995-12-04,34,100,-77,1.2,,0
1995-12-04,35,94,-77,0.7,,0
1995-12-04,36,90,-77,0.6,,0
1995-12-04,37,83,-77,1.4,,0
1995-12-04,38,76,-73,1.7,,0
1995-12-04,39,70,-69,1.9,,0
1995-12-04,40,65,-68,1.6,,0
1995-12-04,41,60,-64,3.9,,0
1995-12-04,42,55.2,-62,4.4,,0
1995-12-04,43,51,-61,3.4,,0
1995-12-04,44,50,-59,3.5,,0
1995-12-04,45,48.8,-59,4.1,,0
1995-12-04,46,45,-56,4.6,,0
1995-12-04,47,41,-54,5.5,,0
1995-12-04,48,38.4,-48,7.5,,0
1995-12-04,49,34.2,-46,9.3,,0
1995-12-04,50,30,-42,9.0,,0
1995-12-04,51,29,-43,9.3,,0
1995-12-04,52,26,-41,9.0,,0
1995-12-04,53,23.2,-38,8.5,,0
1995-12-04,54,21,-37,8.0,,0
1995-12-04,55,20,-36,8.4,,0
1995-12-04,56,18,-35,9.2,,0
1995-12-04,57,16.8,-33,9.2,,0
1995-12-04,58,13,-32,10.1,,0
1995-12-04,59,11.4,-30,12.0,,0
1995-12-04,60,10,-29,12.8,,0
1995-12-04,61,7,-30,12.7,,0
1995-12-04,62,5.4,-27,12.4,,0
1995-12-12,1,961,-3,1.6,,0
1995-12-12,2,902,-8,1.6,,0
1995-12-12,3,841,-11,1.6,,0
1995-12-12,4,750,-18,1.5,,0
1995-12-12,5,700,-21,1.3,,0
1995-12-12,6,630,-27,1.0,,0
1995-12-12,7,580,-31,0.9,,0
1995-12-12,8,541,-34,1.2,,0
1995-12-12,9,520,-36,1.0,,0
1995-12-12,10,50,-38,1.3,,0
1995-12-12,11,480,-40,1.1,,0
1995-12-12,12,457,-44,1.4,,0
1995-12-12,13,412,-48,1.1,,0
1995-12-12,14,372,-52,1.4,,0
1995-12-12,15,340,-56,1.0,,0
1995-12-12,16,300,-63,1.4,,0
1995-12-12,17,272,-67,1.8,,0
1995-12-12,18,260,-68,1.6,,0
1995-12-12,19,240,-72,2.6,,0
1995-12-12,20,220,-74,3.6,,0
1995-12-12,21,200,-75,3.8,,0
1995-12-12,22,191,-76,4.4,,0
1995-12-12,23,163,-73,5.0,,0
1995-12-12,24,155,-74,4.5,,0
1995-12-12,25,150,-74,4.6,,0
1995-12-12,26,140,-75,4.0,,0
1995-12-12,27,128,-75,4.2,,0
1995-12-12,28,120,-74,3.9,,0
1995-12-12,29,112,-74,2.6,,0
1995-12-12,30,110,-74,2.7,,0
1995-12-12,31,103,-73,2.1,,0
1995-12-12,32,100,-73,2.0,,0
1995-12-12,33,99,-72,2.8,,0
1995-12-12,34,93,-73,2.2,,0
1995-12-12,35,89.1,-72,2.0,,0
1995-12-12,36,85.7,-72,2.2,,0
1995-12-12,37,79.4,-71,2.0,,0
1995-12-12,38,76,-71,2.0,,0
1995-12-12,39,71.5,-67,4.8,,0
1995-12-12,40,70,-67,4.9,,0
1995-12-12,41,66,-67,5.0,,0
1995-12-12,42,62.1,-65,4.6,,0
1995-12-12,43,59.2,-63,3.5,,0
1995-12-12,44,56.4,-62,3.7,,0
1995-12-12,45,54,-60,5.0,,0
1995-12-12,46,50,-59,5.4,,0
1995-12-12,47,47,-57,6.6,,0
1995-12-12,48,43,-56,6.3,,0
1995-12-12,49,41.5,-55,6.0,,0
1995-12-12,50,39.8,-54,5.9,,0
1995-12-12,51,36.5,-52,6.8,,0
1995-12-12,52,34,-49,8.5,,0
1995-12-12,53,31,-47,9.1,,0
1995-12-12,54,30,-47,9.0,,0
1995-12-12,55,26,-42,9.4,,0
1995-12-12,56,24.2,-41,9.8,,0
1995-12-12,57,22.1,-39,9.8,,0
1995-12-12,58,20,-39,10.7,,0
1995-12-12,59,18.8,-36,11.2,,0
1995-12-12,60,17,-35,12.4,,0
1995-12-12,61,15.5,-34,13.8,,0
1995-12-12,62,14,-32,13.1,,0
1995-12-12,63,13.1,-35,12.5,,0
1995-12-12,64,11.4,-31,10.8,,0
1995-12-12,65,10,-31,10.2,,0
1995-12-12,66,9.5,-30,10.6,,0
1995-12-12,67,8.4,-29,10.4,,0
1995-12-12,68,7,-29,9.7,,0
1995-12-12,69,6.2,-28,8.9,,0
1995-12-12,70,5,-26,8.7,,0
1995-12-26,1,974,-1,2.0,,0
1995-12-26,2,900,-6,1.8,,0
1995-12-26,3,800,-15,1.4,,0
1995-12-26,4,700,-24,1.4,,0
1995-12-26,5,600,-34,1.0,,0
1995-12-26,6,525,-43,1.1,,0
1995-12-26,7,500,-45,2.4,,0
1995-12-26,8,458,-50,1.1,,0
1995-12-26,9,405,-56,1.1,,0
1995-12-26,10,345,-63,1.4,,0
1995-12-26,11,318,-60,3.1,,0
1995-12-26,12,300,-60,4.2,,0
1995-12-26,13,289,-59,5.3,,0
1995-12-26,14,268,-60,5.6,,0
1995-12-26,15,230,-58,5.3,,0
1995-12-26,16,205,-57,7.3,,0
1995-12-26,17,200,-57,1.8,,0
1995-12-26,18,192,-56,4.2,,0
1995-12-26,19,180,-53,3.3,,0
1995-12-26,20,160,-57,3.4,,0
1995-12-26,21,150,-57,3.7,,0
1995-12-26,22,140,-52,4.5,,0
1995-12-26,23,133,-52,5.7,,0
1995-12-26,24,125,-54,4.0,,0
1995-12-26,25,120,-49,3.4,,0
1995-12-26,26,116,-47,4.4,,0
1995-12-26,27,110,-46,6.1,,0
1995-12-26,28,105,-46,9.5,,0
1995-12-26,29,101,-46,10.5,,0
1995-12-26,30,100,-45,10.1,,0
1995-12-26,31,98,-44,11.2,,0
1995-12-26,32,91.5,-44,11.1,,0
1995-12-26,33,88,-43,12.1,,0
1995-12-26,34,81.1,-43,12.8,,0
1995-12-26,35,77,-43,14.2,,0
1995-12-26,36,73.7,-42,14.3,,0
1995-12-26,37,70,-42,15.4,,0
1995-12-26,38,67.7,-42,15.4,,0
1995-12-26,39,63.5,-41,16.3,,0
1995-12-26,40,55.5,-41,16.6,,0
1995-12-26,41,51.5,-41,16.1,,0
1995-12-26,42,50,-41,16.5,,0
1995-12-26,43,49.2,-40,16.8,,0
1995-12-26,44,47.2,-40,15.7,,0
1995-12-26,45,44.2,-40,15.8,,0
1995-12-26,46,41.1,-39,16.3,,0
1995-12-26,47,37,-41,15.6,,0
1995-12-26,48,32.5,-41,13.4,,0
1995-12-26,49,31.1,-41,13.8,,0
1995-12-26,50,30,-41,13.8,,0
1995-12-26,51,28.1,-40,12.9,,0
1995-12-26,52,25,-41,11.3,,0
1995-12-26,53,22,-40,11.2,,0
1995-12-26,54,20,-39,10.4,,0
1995-12-26,55,17,-39,9.2,,0
1995-12-26,56,14,-38,8.2,,0
1995-12-26,57,11,-38,7.4,,0
1995-12-26,58,10,-37,6.4,,0
1995-12-26,59,9.2,-36,6.5,,0
1995-12-26,60,7,-34,5.8,,0
1996-01-05,1,988,-3,3.1,,0
1996-01-05,2,968,-4,3.6,,0
1996-01-05,3,908,-8,3.6,,0
1996-01-05,4,870,-10,3.8,,0
1996-01-05,5,802,-13,3.4,,0
1996-01-05,6,720,-19,3.4,,0
1996-01-05,7,700,-21,3.2,,0
1996-01-05,8,678,-23,3.0,,0
1996-01-05,9,645,-24,2.8,,0
1996-01-05,10,612,-26,3.1,,0
1996-01-05,11,538,-31,2.8,,0
1996-01-05,12,500,-34,3.0,,0
1996-01-05,13,475,-38,3.0,,0
1996-01-05,14,418,-44,2.8,,0
1996-01-05,15,389,-48,2.9,,0
1996-01-05,16,367,-51,3.6,,0
1996-01-05,17,352,-53,3.8,,0
1996-01-05,18,332,-56,3.7,,0
1996-01-05,19,310,-59,3.7,,0
1996-01-05,20,300,-61,4.9,,0
1996-01-05,21,294,-62,5.4,,0
1996-01-05,22,270,-64,6.2,,0
1996-01-05,23,268,-64,6.4,,0
1996-01-05,24,252,-63,7.4,,0
1996-01-05,25,238,-60,8.1,,0
1996-01-05,26,222,-58,8.1,,0
1996-01-05,27,211,-56,7.8,,0
1996-01-05,28,200,-55,7.0,,0
1996-01-05,29,180,-53,7.8,,0
1996-01-05,30,172,-53,7.3,,0
1996-01-05,31,162,-53,8.5,,0
1996-01-05,32,154,-52,9.2,,0
1996-01-05,33,150,-52,9.2,,0
1996-01-05,34,141,-52,9.6,,0
1996-01-05,35,134,-51,9.8,,0
1996-01-05,36,130,-51,9.4,,0
1996-01-05,37,120,-51,10.6,,0
1996-01-05,38,118,-51,11.8,,0
1996-01-05,39,104,-50,10.5,,0
1996-01-05,40,100,-49,12.1,,0
1996-01-05,41,97.8,-49,12.8,,0
1996-01-05,42,95.8,-48,12.7,,0
1996-01-05,43,88.8,-48,13.8,,0
1996-01-05,44,83.8,-47,14.5,,0
1996-01-05,45,77.8,-46,16.4,,0
1996-01-05,46,75,-45,13.9,,0
1996-01-05,47,70.5,-45,12.1,,0
1996-01-05,48,70,-45,12.6,,0
1996-01-05,49,66.5,-44,15.2,,0
1996-01-05,50,65.2,-44,16.5,,0
1996-01-05,51,62.8,-44,17.7,,0
1996-01-05,52,59,-43,18.5,,0
1996-01-05,53,55.8,-43,19.1,,0
1996-01-05,54,50,-42,18.9,,0
1996-01-05,55,49,-42,18.9,,0
1996-01-05,56,46,-42,19.2,,0
1996-01-05,57,43.7,-41,18.8,,0
1996-01-05,58,40.2,-41,19.0,,0
1996-01-05,59,38,-40,20.1,,0
1996-01-05,60,35.3,-41,19.3,,0
1996-01-05,61,32.9,-41,18.1,,0
1996-01-05,62,30,-41,17.3,,0
1996-01-05,63,29,-41,17.0,,0
1996-01-05,64,28.2,-39,17.0,,0
1996-01-05,65,24.5,-38,16.6,,0
1996-01-05,66,20,-39,14.9,,0
1996-01-05,67,17.8,-39,14.4,,0
1996-01-05,68,15,-38,13.7,,0
1996-01-05,69,13.8,-37,13.0,,0
1996-01-05,70,12.7,-38,13.1,,0
1996-01-05,71,10,-35,12.3,,0
1996-01-05,72,8.2,-35,12.1,,0
1996-01-05,73,7.5,-34,11.7,,0
1996-01-05,74,7,-35,11.5,,0
1996-01-05,75,5,-35,10.5,,0
1996-01-05,76,4,-34,9.8,,0
1996-01-13,1,975,-16,6.2,,0
1996-01-13,2,912,-19,6.7,,0
1996-01-13,3,870,-22,6.4,,0
1996-01-13,4,850,-23,7.4,,0
1996-01-13,5,820,-26,7.1,,0
1996-01-13,6,790,-27,6.5,,0
1996-01-13,7,753,-30,7.1,,0
1996-01-13,8,730,-31,7.6,,0
1996-01-13,9,700,-33,7.5,,0
1996-01-13,10,671,-35,7.5,,0
1996-01-13,11,618,-38,7.0,,0
1996-01-13,12,590,-40,7.1,,0
1996-01-13,13,538,-44,6.6,,0
1996-01-13,14,500,-47,6.7,,0
1996-01-13,15,480,-49,6.8,,0
1996-01-13,16,423,-52,6.4,,0
1996-01-13,17,407,-55,9.0,,0
1996-01-13,18,370,-59,7.5,,0
1996-01-13,19,348,-62,6.8,,0
1996-01-13,20,315,-65,6.3,,0
1996-01-13,21,308,-65,7.7,,0
1996-01-13,22,300,-65,8.2,,0
1996-01-13,23,276,-62,10.4,,0
1996-01-13,24,257,-58,9.9,,0
1996-01-13,25,240,-57,9.9,,0
1996-01-13,26,222,-56,9.7,,0
1996-01-13,27,212,-56,9.1,,0
1996-01-13,28,206,-55,9.4,,0
1996-01-13,29,200,-55,9.3,,0
1996-01-13,30,197,-55,9.1,,0
1996-01-13,31,185,-55,8.9,,0
1996-01-13,32,180,-55,8.2,,0
1996-01-13,33,164,-55,7.9,,0
1996-01-13,34,159,-54,7.6,,0
1996-01-13,35,155,-54,7.9,,0
1996-01-13,36,150,-54,8.0,,0
1996-01-13,37,148,-54,7.9,,0
1996-01-13,38,133,-54,8.8,,0
1996-01-13,39,130,-54,10.8,,0
1996-01-13,40,120,-54,10.5,,0
1996-01-13,41,115,-54,10.8,,0
1996-01-13,42,110,-53,12.4,,0
1996-01-13,43,104,-53,11.4,,0
1996-01-13,44,100,-53,12.4,,0
1996-01-13,45,99,-53,12.5,,0
1996-01-13,46,92.8,-52,12.5,,0
1996-01-13,47,83.8,-51,14.3,,0
1996-01-13,48,80,-51,14.4,,0
1996-01-13,49,76,-51,13.9,,0
1996-01-13,50,71,-51,14.6,,0
1996-01-13,51,70,-51,14.7,,0
1996-01-13,52,64.5,-50,15.2,,0
1996-01-13,53,59,-50,16.2,,0
1996-01-13,54,56,-50,14.2,,0
1996-01-13,55,52,-49,14.6,,0
1996-01-13,56,50,-49,14.5,,0
1996-01-13,57,45.5,-47,14.4,,0
1996-01-13,58,43,-47,14.2,,0
1996-01-13,59,40.7,-48,13.2,,0
1996-01-13,60,38.4,-47,13.0,,0
1996-01-13,61,36.5,-47,11.8,,0
1996-01-13,62,34.2,-47,11.6,,0
1996-01-13,63,31,-45,11.9,,0
1996-01-13,64,30,-45,11.5,,0
1996-01-13,65,27.5,-45,10.2,,0
1996-01-13,66,26,-45,10.3,,0
1996-01-13,67,25,-45,9.7,,0
1996-01-13,68,23,-43,8.3,,0
1996-01-13,69,21.7,-44,9.7,,0
1996-01-13,70,20,-44,9.5,,0
1996-01-13,71,10,-40,5.4,,0
1996-01-13,72,7,-35,4.1,,0
1996-03-01,1,983,-12,1.5,,0
1996-03-01,2,982,-12,2.0,,0
1996-03-01,3,961,-14,2.3,,0
1996-03-01,4,870,-21,2.5,,0
1996-03-01,5,840,-21,2.0,,0
1996-03-01,6,738,-28,2.5,,0
1996-03-01,7,700,-27,1.9,,0
1996-03-01,8,670,-30,2.3,,0
1996-03-01,9,660,-30,2.2,,0
1996-03-01,10,615,-34,2.2,,0
1996-03-01,11,535,-42,3.5,,0
1996-03-01,12,518,-52,1.2,,0
1996-03-01,13,508,-52,1.0,,0
1996-03-01,14,340,-63,1.7,,0
1996-03-01,15,305,-57,5.3,,0
1996-03-01,16,300,-57,5.2,,0
1996-03-01,17,285,-55,5.2,,0
1996-03-01,18,280,-54,5.5,,0
1996-03-01,19,266,-53,5.2,,0
1996-03-01,20,250,-51,4.7,,0
1996-03-01,21,220,-58,5.0,,0
1996-03-01,22,218,-49,5.6,,0
1996-03-01,23,200,-49,6.2,,0
1996-03-01,24,192,-49,6.2,,0
1996-03-01,25,170,-47,7.1,,0
1996-03-01,26,150,-49,8.5,,0
1996-03-01,27,135,-46,9.7,,0
1996-03-01,28,130,-49,9.7,,0
1996-03-01,29,110,-48,11.6,,0
1996-03-01,30,100,-49,11.4,,0
1996-03-01,31,98,-49,10.6,,0
1996-03-01,32,95,-48,10.6,,0
1996-03-01,33,90,-48,13.5,,0
1996-03-01,34,80,-48,13.3,,0
1996-03-01,35,79,-48,13.4,,0
1996-03-01,36,72,-48,11.9,,0
1996-03-01,37,70,-48,12.1,,0
1996-03-01,38,68,-47,11.1,,0
1996-03-01,39,67,-48,11.5,,0
1996-03-01,40,64,-48,10.9,,0
1996-03-01,41,62,-48,11.5,,0
1996-03-01,42,60,-48,10.9,,0
1996-03-01,43,50,-45,9.7,,0
1996-03-01,44,43.4,-45,10.0,,0
1996-03-01,45,40,-45,8.7,,0
1996-03-01,46,31,-42,7.8,,0
1996-03-01,47,30,-45,7.5,,0
1996-03-01,48,23,-42,2.9,,0
1996-03-01,49,20,-40,2.6,,0
1996-03-01,50,10,-34,1.9,,0
1996-03-01,51,6,-34,2.0,,0
1996-03-06,1,985,20,0.1,,0
1996-03-06,2,937,-12,2.4,,0
1996-03-06,3,860,-16,2.4,,0
1996-03-06,4,820,-20,2.2,,0
1996-03-06,5,660,-29,2.1,,0
1996-03-06,6,554,-38,1.9,,0
1996-03-06,7,500,-42,1.9,,0
1996-03-06,8,480,-44,1.9,,0
1996-03-06,9,446,-46,2.1,,0
1996-03-06,10,423,-49,2.0,,0
1996-03-06,11,398,-51,2.4,,0
1996-03-06,12,373,-54,1.8,,0
1996-03-06,13,348,-57,1.8,,0
1996-03-06,14,320,-59,2.5,,0
1996-03-06,15,300,-58,4.3,,0
1996-03-06,16,293,-59,4.6,,0
1996-03-06,17,280,-58,5.0,,0
1996-03-06,18,266,-55,4.5,,0
1996-03-06,19,227,-51,5.0,,0
1996-03-06,20,223,-51,5.2,,0
1996-03-06,21,210,-52,5.1,,0
1996-03-06,22,200,-54,5.7,,0
1996-03-06,23,175,-52,6.1,,0
1996-03-06,24,163,-52,6.3,,0
1996-03-06,25,160,-51,6.6,,0
1996-03-06,26,155,-52,6.7,,0
1996-03-06,27,150,-51,7.6,,0
1996-03-06,28,140,-51,8.0,,0
1996-03-06,29,133,-51,8.0,,0
1996-03-06,30,128,-51,8.2,,0
1996-03-06,31,124,-51,8.0,,0
1996-03-06,32,121,-52,7.8,,0
1996-03-06,33,115,-52,9.3,,0
1996-03-06,34,110,-52,9.8,,0
1996-03-06,35,104,-51,11.2,,0
1996-03-06,36,100,-51,11.6,,0
1996-03-06,37,95.5,-50,12.2,,0
1996-03-06,38,92.5,-51,12.3,,0
1996-03-06,39,90,-51,13.0,,0
1996-03-06,40,88,-51,12.0,,0
1996-03-06,41,82,-50,12.7,,0
1996-03-06,42,80,-52,12.5,,0
1996-03-06,43,75,-50,13.8,,0
1996-03-06,44,70,-52,13.7,,0
1996-03-06,45,62,-50,15.0,,0
1996-03-06,46,55.5,-50,14.2,,0
1996-03-06,47,50,-53,15.0,,0
1996-03-06,48,46.2,-52,14.1,,0
1996-03-06,49,41,-52,13.9,,0
1996-03-06,50,37,-52,14.1,,0
1996-03-06,51,34.5,-52,13.4,,0
1996-03-06,52,33.2,-52,13.4,,0
1996-03-06,53,31,-50,13.2,,0
1996-03-06,54,30,-51,12.3,,0
1996-03-06,55,27,-52,11.6,,0
1996-03-06,56,22,-53,8.2,,0
1996-03-06,57,20,-53,7.2,,0
1996-03-06,58,16,-54,5.7,,0
1996-03-06,59,14,-54,5.3,,0
1996-03-06,60,10,-52,4.7,,0
1996-03-15,1,985,-17,4.5,,0
1996-03-15,2,969,-18,4.0,,0
1996-03-15,3,855,-21,3.4,,0
1996-03-15,4,750,-26,2.9,,0
1996-03-15,5,620,-30,2.9,,0
1996-03-15,6,516,-36,2.6,,0
1996-03-15,7,500,-39,2.3,,0
1996-03-15,8,439,-40,2.4,,0
1996-03-15,9,375,-54,2.1,,0
1996-03-15,10,365,-54,2.0,,0
1996-03-15,11,348,-56,2.1,,0
1996-03-15,12,330,-57,2.7,,0
1996-03-15,13,315,-57,3.5,,0
1996-03-15,14,300,-57,4.0,,0
1996-03-15,15,245,-56,4.9,,0
1996-03-15,16,230,-55,2.8,,0
1996-03-15,17,210,-54,2.8,,0
1996-03-15,18,20,-54,3.9,,0
1996-03-15,19,168,-54,2.8,,0
1996-03-15,20,162,-54,4.7,,0
1996-03-15,21,150,-54,4.8,,0
1996-03-15,22,145,-54,5.1,,0
1996-03-15,23,140,-56,4.8,,0
1996-03-15,24,138,-55,4.1,,0
1996-03-15,25,132,-55,3.9,,0
1996-03-15,26,128,-55,4.0,,0
1996-03-15,27,125,-54,4.3,,0
1996-03-15,28,123,-53,4.0,,0
1996-03-15,29,110,-55,6.5,,0
1996-03-15,30,103,-55,4.0,,0
1996-03-15,31,100,-54,9.6,,0
1996-03-15,32,97,-54,10.0,,0
1996-03-15,33,91,-54,10.7,,0
1996-03-15,34,81.5,-56,10.6,,0
1996-03-15,35,80,-56,11.2,,0
1996-03-15,36,75,-56,10.9,,0
1996-03-15,37,70,-56,11.6,,0
1996-03-15,38,68,-56,11.5,,0
1996-03-15,39,63.8,-55,11.6,,0
1996-03-15,40,57.5,-56,10.9,,0
1996-03-15,41,55.5,-56,12.2,,0
1996-03-15,42,50,-56,12.2,,0
1996-03-15,43,47,-56,10.5,,0
1996-03-15,44,44,-56,7.2,,0
1996-03-15,45,42,-56,6.5,,0
1996-03-15,46,41,-56,6.2,,0
1996-03-15,47,38,-57,6.7,,0
1996-03-15,48,33,-57,4.7,,0
1996-03-15,49,30,-56,4.4,,0
1996-03-15,50,24.5,-56,3.9,,0
1996-03-15,51,20.5,-54,3.3,,0
1996-03-20,1,976,-9,1.9,,0
1996-03-20,2,970,-10,1.9,,0
1996-03-20,3,920,-14,1.8,,0
1996-03-20,4,875,-17,1.9,,0
1996-03-20,5,840,-17,1.7,,0
1996-03-20,6,764,-17,1.3,,0
1996-03-20,7,700,-23,1.3,,0
1996-03-20,8,675,-24,1.3,,0
1996-03-20,9,505,-31,1.0,,0
1996-03-20,10,500,-37,1.0,,0
1996-03-20,11,490,-36,1.0,,0
1996-03-20,12,370,-47,0.9,,0
1996-03-20,13,300,-58,1.0,,0
1996-03-20,14,299,-60,1.0,,0
1996-03-20,15,292,-57,1.0,,0
1996-03-20,16,262,-55,3.5,,0
1996-03-20,17,250,-54,3.9,,0
1996-03-20,18,240,-51,4.0,,0
1996-03-20,19,235,-51,4.4,,0
1996-03-20,20,202,-49,4.1,,0
1996-03-20,21,200,-49,4.6,,0
1996-03-20,22,190,-48,4.8,,0
1996-03-20,23,182,-47,4.8,,0
1996-03-20,24,170,-48,5.6,,0
1996-03-20,25,153,-49,5.6,,0
1996-03-20,26,145,-49,6.6,,0
1996-03-20,27,140,-49,6.8,,0
1996-03-20,28,135,-49,6.6,,0
1996-03-20,29,127,-49,7.5,,0
1996-03-20,30,108,-49,9.1,,0
1996-03-20,31,104,-49,8.8,,0
1996-03-20,32,100,-50,9.5,,0
1996-03-20,33,95.9,-51,9.5,,0
1996-03-20,34,93.7,-51,9.9,,0
1996-03-20,35,88.6,-50,9.4,,0
1996-03-20,36,82,-49,9.7,,0
1996-03-20,37,76,-50,10.7,,0
1996-03-20,38,73,-50,11.2,,0
1996-03-20,39,72,-51,13.0,,0
1996-03-20,40,70,-52,11.8,,0
1996-03-20,41,67,-52,10.7,,0
1996-03-20,42,65,-52,11.0,,0
1996-03-20,43,57.3,-52,11.7,,0
1996-03-20,44,54.4,-52,11.6,,0
1996-03-20,45,52.5,-52,11.6,,0
1996-03-20,46,50,-54,11.3,,0
1996-03-20,47,36,-50,8.0,,0
1996-03-20,48,32,-52,8.0,,0
1996-03-20,49,30,-52,7.7,,0
1996-03-20,50,28.5,-51,7.6,,0
1996-03-20,51,26.5,-51,6.3,,0
1996-03-20,52,24,-52,5.0,,0
1996-03-20,53,21.2,-52,4.0,,0
1996-03-20,54,20,-52,3.9,,0
1996-03-20,55,13.1,-52,3.3,,0
1996-03-20,56,12,-51,3.1,,0
1996-04-07,1,986,-15,1.4,,0
1996-04-07,2,883,-22,2.3,,0
1996-04-07,3,850,-24,1.7,,0
1996-04-07,4,807,-26,1.6,,0
1996-04-07,5,772,-27,1.2,,0
1996-04-07,6,700,-31,1.5,,0
1996-04-07,7,650,-35,1.4,,0
1996-04-07,8,620,-38,1.5,,0
1996-04-07,9,591,-41,1.2,,0
1996-04-07,10,560,-43,1.5,,0
1996-04-07,11,500,-49,1.3,,0
1996-04-07,12,482,-50,1.2,,0
1996-04-07,13,348,-65,1.0,,0
1996-04-07,14,320,-69,1.8,,0
1996-04-07,15,300,-67,3.7,,0
1996-04-07,16,274,-61,5.0,,0
1996-04-07,17,260,-60,5.5,,0
1996-04-07,18,240,-60,5.0,,0
1996-04-07,19,219,-60,6.1,,0
1996-04-07,20,207,-60,5.3,,0
1996-04-07,21,200,-60,6.5,,0
1996-04-07,22,187,-61,7.2,,0
1996-04-07,23,178,-61,7.5,,0
1996-04-07,24,175,-61,9.8,,0
1996-04-07,25,170,-61,10.6,,0
1996-04-07,26,162,-61,11.3,,0
1996-04-07,27,150,-61,9.5,,0
1996-04-07,28,138,-62,9.5,,0
1996-04-07,29,130,-63,7.4,,0
1996-04-07,30,122,-63,7.3,,0
1996-04-07,31,114,-65,11.4,,0
1996-04-07,32,110,-65,12.2,,0
1996-04-07,33,105,-65,14.8,,0
1996-04-07,34,100,-65,14.8,,0
1996-04-07,35,92.5,-65,14.0,,0
1996-04-07,36,81.9,-66,14.8,,0
1996-04-07,37,78.7,-66,15.5,,0
1996-04-07,38,71.8,-66,15.5,,0
1996-04-07,39,70,-67,15.3,,0
1996-04-07,40,65,-68,13.8,,0
1996-04-07,41,62,-68,13.8,,0
1996-04-07,42,53,-68,10.5,,0
1996-04-07,43,52,-68,10.6,,0
1996-04-07,44,50,-68,9.5,,0
1996-04-07,45,49,-68,9.4,,0
1996-04-07,46,45.8,-68,8.9,,0
1996-04-07,47,42.2,-68,7.5,,0
1996-04-07,48,39,-68,7.5,,0
1996-04-07,49,37,-68,6.9,,0
1996-04-07,50,34.9,-68,6.7,,0
1996-04-07,51,31.2,-68,4.5,,0
1996-04-07,52,30,-68,4.2,,0
1996-04-07,53,28,-68,3.6,,0
1996-04-07,54,23.2,-68,1.0,,0
1996-08-11,1,978,-18,2.2,,0
1996-08-11,2,914,-21,2.9,,0
1996-08-11,3,878,-24,2.6,,0
1996-08-11,4,855,-25,2.7,,0
1996-08-11,5,800,-23,2.5,,0
1996-08-11,6,746,-28,2.4,,0
1996-08-11,7,700,-31,2.0,,0
1996-08-11,8,680,-33,1.7,,0
1996-08-11,9,650,-35,1.8,,0
1996-08-11,10,520,-45,1.5,,0
1996-08-11,11,500,-47,1.4,,0
1996-08-11,12,468,-50,1.2,,0
1996-08-11,13,430,-55,1.0,,0
1996-08-11,14,410,-57,1.2,,0
1996-08-11,15,360,-62,0.9,,0
1996-08-11,16,344,-63,1.0,,0
1996-08-11,17,313,-65,1.3,,0
1996-08-11,18,300,-67,1.5,,0
1996-08-11,19,278,-69,1.9,,0
1996-08-11,20,264,-69,2.4,,0
1996-08-11,21,259,-70,2.3,,0
1996-08-11,22,230,-73,3.0,,0
1996-08-11,23,200,-76,4.7,,0
1996-08-11,24,190,-77,4.6,,0
1996-08-11,25,180,-78,4.9,,0
1996-08-11,26,170,-77,6.3,,0
1996-08-11,27,154,-78,6.3,,0
1996-08-11,28,150,-78,6.8,,0
1996-08-11,29,140,-80,8.2,,0
1996-08-11,30,138,-80,7.8,,0
1996-08-11,31,130,-80,8.0,,0
1996-08-11,32,124,-82,6.9,,0
1996-08-11,33,118,-81,9.0,,0
1996-08-11,34,113,-82,9.3,,0
1996-08-11,35,104,-82,12.6,,0
1996-08-11,36,102,-81,14.8,,0
1996-08-11,37,100,-82,14.6,,0
1996-08-11,38,99,-82,14.6,,0
1996-08-11,39,89.8,-84,16.3,,0
1996-08-11,40,84,-84,15.7,,0
1996-08-11,41,82,-83,16.0,,0
1996-08-11,42,80.2,-83,16.7,,0
1996-08-11,43,77,-83,17.2,,0
1996-08-11,44,72,-83,18.5,,0
1996-08-11,45,70,-83,18.2,,0
1996-08-11,46,66.5,-83,17.7,,0
1996-08-11,47,60,-83,14.8,,0
1996-08-11,48,53.8,-83,12.5,,0
1996-08-11,49,50,-83,12.0,,0
1996-08-11,50,49.2,-84,11.8,,0
1996-08-11,51,47,-83,11.4,,0
1996-08-11,52,43.3,-84,11.1,,0
1996-08-11,53,38,-84,8.7,,0
1996-08-11,54,36.1,-83,8.6,,0
1996-08-11,55,30.4,-83,6.7,,0
1996-08-11,56,30,-84,6.8,,0
1996-08-11,57,24,-83,7.5,,0
1996-08-11,58,23,-83,7.0,,0
1996-08-11,59,22,-82,7.2,,0
1996-08-11,60,21.3,-83,6.7,,0
1996-08-11,61,20,-83,6.5,,0
1996-08-11,62,19,-81,6.4,,0
1996-08-11,63,16.4,-79,6.1,,0
1996-08-11,64,13,-77,5.9,,0
1996-08-11,65,10.3,-73,5.7,,0
1996-08-11,66,10,-72,5.7,,0
1996-08-11,67,9.8,-72,5.6,,0
1996-08-11,68,9,-71,5.5,,0
1996-08-11,69,7.5,-69,5.5,,0
1996-08-11,70,7,-64,5.5,,0
1996-08-11,71,6.9,-63,5.3,,0
1996-08-11,72,6.7,-64,3.9,,0
1996-08-20,1,979,-28,2.7,,0
1996-08-20,2,890,-21,2.8,,0
1996-08-20,3,700,-30,2.4,,0
1996-08-20,4,642,-33,2.2,,0
1996-08-20,5,562,-40,1.9,,0
1996-08-20,6,515,-44,1.7,,0
1996-08-20,7,500,-45,1.8,,0
1996-08-20,8,490,-46,1.7,,0
1996-08-20,9,442,-49,1.8,,0
1996-08-20,10,391,-52,2.3,,0
1996-08-20,11,354,-54,2.6,,0
1996-08-20,12,325,-56,3.1,,0
1996-08-20,13,310,-58,2.9,,0
1996-08-20,14,300,-59,3.2,,0
1996-08-20,15,296,-59,3.0,,0
1996-08-20,16,281,-62,2.6,,0
1996-08-20,17,268,-64,3.1,,0
1996-08-20,18,262,-63,3.3,,0
1996-08-20,19,260,-64,3.5,,0
1996-08-20,20,250,-65,4.2,,0
1996-08-20,21,230,-67,5.6,,0
1996-08-20,22,207,-69,6.1,,0
1996-08-20,23,200,-69,6.0,,0
1996-08-20,24,192,-69,5.8,,0
1996-08-20,25,180,-71,6.5,,0
1996-08-20,26,166,-72,6.9,,0
1996-08-20,27,158,-74,7.6,,0
1996-08-20,28,150,-74,7.4,,0
1996-08-20,29,142,-75,6.4,,0
1996-08-20,30,134,-76,7.5,,0
1996-08-20,31,127,-76,9.5,,0
1996-08-20,32,121,-76,10.6,,0
1996-08-20,33,119,-76,11.1,,0
1996-08-20,34,116,-76,12.8,,0
1996-08-20,35,109,-78,12.7,,0
1996-08-20,36,104,-78,13.0,,0
1996-08-20,37,102,-78,12.7,,0
1996-08-20,38,100,-78,5.0,,0
1996-08-20,39,95.4,-78,14.3,,0
1996-08-20,40,94,-78,15.3,,0
1996-08-20,41,91.4,-78,15.2,,0
1996-08-20,42,87.6,-78,16.9,,0
1996-08-20,43,86,-78,16.7,,0
1996-08-20,44,84,-79,17.1,,0
1996-08-20,45,77.5,-80,16.8,,0
1996-08-20,46,76.2,-81,16.1,,0
1996-08-20,47,74.2,-81,16.7,,0
1996-08-20,48,71,-81,15.9,,0
1996-08-20,49,70,-81,14.2,,0
1996-08-20,50,69.5,-81,13.9,,0
1996-08-20,51,63,-79,12.5,,0
1996-08-20,52,60,-78,11.4,,0
1996-08-20,53,58.7,-78,10.5,,0
1996-08-20,54,55.2,-78,10.3,,0
1996-08-20,55,50,-79,10.4,,0
1996-08-20,56,46.4,-81,10.4,,0
1996-08-20,57,44,-81,10.4,,0
1996-08-20,58,42.8,-81,10.0,,0
1996-08-20,59,41,-81,9.2,,0
1996-08-20,60,40.2,-81,8.0,,0
1996-08-20,61,38.8,-81,7.2,,0
1996-08-20,62,37.4,-81,5.7,,0
1996-08-20,63,35.1,-82,6.2,,0
1996-08-20,64,33.6,-81,5.9,,0
1996-08-20,65,30,-79,6.3,,0
1996-08-20,66,27.8,-78,6.6,,0
1996-08-20,67,24.4,-74,6.3,,0
1996-08-20,68,23.2,-74,5.8,,0
1996-08-20,69,22,-73,5.0,,0
1996-08-20,70,21.5,-73,3.8,,0
1996-08-20,71,20,-73,3.2,,0
1996-09-05,1,993,-13,4.1,,0
1996-09-05,2,933,-16,3.9,,0
1996-09-05,3,918,-17,4.0,,0
1996-09-05,4,891,-19,3.8,,0
1996-09-05,5,854,-21,3.6,,0
1996-09-05,6,837,-22,3.5,,0
1996-09-05,7,820,-23,3.3,,0
1996-09-05,8,808,-23,3.5,,0
1996-09-05,9,775,-23,3.1,,0
1996-09-05,10,748,-24,3.2,,0
1996-09-05,11,730,-25,2.9,,0
1996-09-05,12,700,-25,2.9,,0
1996-09-05,13,580,-34,2.5,,0
1996-09-05,14,530,-38,2.1,,0
1996-09-05,15,518,-39,2.3,,0
1996-09-05,16,508,-41,2.0,,0
1996-09-05,17,500,-41,2.1,,0
1996-09-05,18,470,-44,2.1,,0
1996-09-05,19,458,-45,1.8,,0
1996-09-05,20,449,-47,1.9,,0
1996-09-05,21,418,-51,1.4,,0
1996-09-05,22,408,-53,1.6,,0
1996-09-05,23,385,-55,1.5,,0
1996-09-05,24,365,-58,1.5,,0
1996-09-05,25,353,-59,1.1,,0
1996-09-05,26,329,-63,1.2,,0
1996-09-05,27,318,-64,0.8,,0
1996-09-05,28,300,-67,1.0,,0
1996-09-05,29,274,-70,1.1,,0
1996-09-05,30,260,-72,1.4,,0
1996-09-05,31,256,-73,1.3,,0
1996-09-05,32,249,-73,1.6,,0
1996-09-05,33,241,-74,1.5,,0
1996-09-05,34,219,-76,2.1,,0
1996-09-05,35,210,-77,2.9,,0
1996-09-05,36,200,-78,2.6,,0
1996-09-05,37,188,-80,3.4,,0
1996-09-05,38,177,-80,3.4,,0
1996-09-05,39,154,-80,4.9,,0
1996-09-05,40,150,-80,4.8,,0
1996-09-05,41,143,-80,4.4,,0
1996-09-05,42,140,-81,4.5,,0
1996-09-05,43,134,-81,4.9,,0
1996-09-05,44,130,-81,4.8,,0
1996-09-05,45,129,-82,5.9,,0
1996-09-05,46,121,-83,4.8,,0
1996-09-05,47,119,-83,5.0,,0
1996-09-05,48,114,-83,5.1,,0
1996-09-05,49,102,-83,4.8,,0
1996-09-05,50,100,-85,5.1,,0
1996-09-05,51,98.2,-85,5.0,,0
1996-09-05,52,95.8,-85,4.8,,0
1996-09-05,53,89.8,-86,5.8,,0
1996-09-05,54,84.9,-86,5.4,,0
1996-09-05,55,83.8,-86,3.4,,0
1996-09-05,56,79.5,-87,4.9,,0
1996-09-05,57,78.1,-88,3.8,,0
1996-09-05,58,74.2,-88,3.7,,0
1996-09-05,59,70,-88,2.8,,0
1996-09-05,60,68,-87,1.8,,0
1996-09-05,61,66,-87,1.9,,0
1996-09-05,62,63,-89,1.0,,0
1996-09-05,63,59,-88,0.3,,0
1996-09-05,64,50,-86,0.5,,0
1996-09-05,65,37.8,-87,0.8,,0
1996-09-05,66,30,-87,1.2,,0
1996-09-05,67,26.7,-87,1.2,,0
1996-09-05,68,20.7,-83,0.9,,0
1996-09-05,69,20,-83,0.9,,0
1996-09-05,70,18,-84,0.8,,0
1996-09-05,71,16,-83,1.1,,0
1996-09-05,72,15.1,-83,1.5,,0
1996-09-05,73,13.5,-81,1.8,,0
1996-09-05,74,12,-81,1.2,,0
1996-09-05,75,10,-80,0.8,,0
1996-09-05,76,9.3,-80,0.7,,0
1996-09-05,77,7.5,-80,0.6,,0
1996-09-05,78,5,-80,0.7,,0
1996-09-05,79,4,-80,0.6,,0
1996-09-15,1,997,-12,2.2,,0
1996-09-15,2,952,-13,2.6,,0
1996-09-15,3,900,-17,2.2,,0
1996-09-15,4,871,-19,2.2,,0
1996-09-15,5,860,-20,2.5,,0
1996-09-15,6,850,-20,2.4,,0
1996-09-15,7,765,-24,2.2,,0
1996-09-15,8,736,-27,1.9,,0
1996-09-15,9,700,-29,1.8,,0
1996-09-15,10,672,-30,1.7,,0
1996-09-15,11,616,-34,1.9,,0
1996-09-15,12,500,-43,1.6,,0
1996-09-15,13,465,-45,1.5,,0
1996-09-15,14,393,-53,1.6,,0
1996-09-15,15,337,-59,1.2,,0
1996-09-15,16,300,-64,2.1,,0
1996-09-15,17,287,-65,2.4,,0
1996-09-15,18,250,-70,2.6,,0
1996-09-15,19,234,-71,2.8,,0
1996-09-15,20,214,-73,3.2,,0
1996-09-15,21,200,-75,3.4,,0
1996-09-15,22,186,-75,3.9,,0
1996-09-15,23,160,-78,4.6,,0
1996-09-15,24,155,-78,4.7,,0
1996-09-15,25,150,-78,4.6,,0
1996-09-15,26,140,-79,4.6,,0
1996-09-15,27,133,-78,4.5,,0
1996-09-15,28,131,-79,5.1,,0
1996-09-15,29,122,-79,4.7,,0
1996-09-15,30,118,-80,5.5,,0
1996-09-15,31,103,-82,3.3,,0
1996-09-15,32,100,-82,3.6,,0
1996-09-15,33,92,-81,4.0,,0
1996-09-15,34,88.4,-82,3.4,,0
1996-09-15,35,87,-82,3.7,,0
1996-09-15,36,79,-84,2.4,,0
1996-09-15,37,72,-86,3.0,,0
1996-09-15,38,70,-86,2.8,,0
1996-09-15,39,63.7,-86,1.3,,0
1996-09-15,40,62,-86,1.4,,0
1996-09-15,41,57.5,-85,1.6,,0
1996-09-15,42,55,-85,2.6,,0
1996-09-15,43,51.7,-87,2.4,,0
1996-09-15,44,50,-87,2.1,,0
1996-09-15,45,46.7,-86,1.6,,0
1996-09-15,46,40,-87,2.4,,0
1996-09-15,47,37,-86,1.6,,0
1996-09-15,48,32.5,-86,1.6,,0
1996-09-15,49,30.7,-87,1.5,,0
1996-09-15,50,30,-87,1.5,,0
1996-09-15,51,25.8,-87,1.5,,0
1996-09-15,52,21.8,-85,1.0,,0
1996-09-23,1,988,-16,3.4,,0
1996-09-23,2,950,-16,4.1,,0
1996-09-23,3,902,-17,3.9,,0
1996-09-23,4,865,-20,3.3,,0
1996-09-23,5,822,-23,3.2,,0
1996-09-23,6,750,-26,2.7,,0
1996-09-23,7,700,-28,2.7,,0
1996-09-23,8,650,-31,2.6,,0
1996-09-23,9,572,-38,2.4,,0
1996-09-23,10,522,-42,2.2,,0
1996-09-23,11,509,-43,2.4,,0
1996-09-23,12,500,-43,2.3,,0
1996-09-23,13,494,-44,2.4,,0
1996-09-23,14,480,-45,2.2,,0
1996-09-23,15,471,-46,2.4,,0
1996-09-23,16,451,-49,2.3,,0
1996-09-23,17,440,-50,2.7,,0
1996-09-23,18,405,-53,2.0,,0
1996-09-23,19,390,-54,1.9,,0
1996-09-23,20,360,-57,2.5,,0
1996-09-23,21,356,-57,2.3,,0
1996-09-23,22,353,-58,2.7,,0
1996-09-23,23,350,-58,2.5,,0
1996-09-23,24,340,-59,2.7,,0
1996-09-23,25,331,-60,2.5,,0
1996-09-23,26,322,-61,2.6,,0
1996-09-23,27,318,-62,2.8,,0
1996-09-23,28,300,-64,2.8,,0
1996-09-23,29,290,-65,2.2,,0
1996-09-23,30,280,-66,2.7,,0
1996-09-23,31,260,-67,3.4,,0
1996-09-23,32,256,-67,3.6,,0
1996-09-23,33,252,-68,3.6,,0
1996-09-23,34,248,-68,4.1,,0
1996-09-23,35,229,-69,4.5,,0
1996-09-23,36,221,-69,5.2,,0
1996-09-23,37,210,-69,5.5,,0
1996-09-23,38,204,-69,5.4,,0
1996-09-23,39,200,-70,5.6,,0
1996-09-23,40,197,-70,5.9,,0
1996-09-23,41,191,-71,5.7,,0
1996-09-23,42,188,-71,5.6,,0
1996-09-23,43,178,-72,5.4,,0
1996-09-23,44,171,-72,4.3,,0
1996-09-23,45,170,-73,4.5,,0
1996-09-23,46,164,-73,4.3,,0
1996-09-23,47,158,-73,4.8,,0
1996-09-23,48,150,-74,4.1,,0
1996-09-23,49,124,-74,2.4,,0
1996-09-23,50,120,-74,2.4,,0
1996-09-23,51,115,-74,3.0,,0
1996-09-23,52,104,-75,1.6,,0
1996-09-23,53,100,-76,1.1,,0
1996-09-23,54,97,-77,0.9,,0
1996-09-23,55,91.1,-77,1.6,,0
1996-09-23,56,80.6,-77,1.1,,0
1996-09-23,57,79.2,-77,1.7,,0
1996-09-23,58,78.8,-77,1.6,,0
1996-09-23,59,74,-77,1.2,,0
1996-09-23,60,70,-75,1.3,,0
1996-09-23,61,65.8,-73,1.9,,0
1996-09-23,62,64.6,-73,1.4,,0
1996-09-23,63,62.4,-73,2.1,,0
1996-09-23,64,57.5,-71,1.6,,0
1996-09-23,65,55,-71,1.9,,0
1996-09-23,66,53,-70,2.7,,0
1996-09-23,67,50,-70,2.7,,0
1996-09-23,68,46.2,-69,2.7,,0
1996-09-23,69,39,-69,3.0,,0
1996-09-23,70,33.4,-69,3.1,,0
1996-09-23,71,30,-69,3.0,,0
1996-09-23,72,27.5,-69,2.6,,0
1996-10-07,1,987,-17,3.2,,0
1996-10-07,2,987,-17,3.6,,0
1996-10-07,3,946,-17,3.1,,0
1996-10-07,4,931,-19,3.3,,0
1996-10-07,5,878,-21,2.6,,0
1996-10-07,6,841,-22,2.9,,0
1996-10-07,7,820,-24,2.7,,0
1996-10-07,8,798,-25,2.7,,0
1996-10-07,9,700,-26,2.6,,0
1996-10-07,10,682,-27,2.6,,0
1996-10-07,11,652,-28,2.4,,0
1996-10-07,12,627,-31,1.9,,0
1996-10-07,13,546,-36,2.1,,0
1996-10-07,14,500,-39,1.7,,0
1996-10-07,15,436,-46,1.6,,0
1996-10-07,16,378,-55,1.2,,0
1996-10-07,17,308,-64,1.2,,0
1996-10-07,18,300,-64,1.2,,0
1996-10-07,19,282,-68,1.1,,0
1996-10-07,20,267,-72,0.8,,0
1996-10-07,21,232,-79,1.2,,0
1996-10-07,22,210,-79,2.1,,0
1996-10-07,23,200,-80,3.0,,0
1996-10-07,24,182,-80,4.0,,0
1996-10-07,25,150,-81,3.4,,0
1996-10-07,26,134,-82,2.3,,0
1996-10-07,27,129,-83,2.5,,0
1996-10-07,28,127,-82,2.2,,0
1996-10-07,29,121,-82,2.1,,0
1996-10-07,30,100,-83,0.4,,0
1996-10-07,31,90.7,-85,0.4,,0
1996-10-07,32,85.4,-86,0.3,,0
1996-10-07,33,80,-86,0.2,,0
1996-10-07,34,73,-86,0.3,,0
1996-10-07,35,70,-87,0.4,,0
1996-10-07,36,66.5,-86,0.4,,0
1996-10-07,37,65,-86,0.2,,0
1996-10-07,38,54,-85,0.5,,0
1996-10-07,39,50,-86,0.7,,0
1996-10-07,40,47.2,-85,1.0,,0
1996-10-07,41,45.5,-85,1.0,,0
1996-10-07,42,44,-84,1.2,,0
1996-10-07,43,42.6,-83,1.2,,0
1996-10-07,44,36.6,-82,1.7,,0
1996-10-07,45,30,-79,2.9,,0
1996-10-07,46,25.5,-76,4.1,,0
1996-10-07,47,24.3,-74,4.3,,0
1996-10-07,48,20.8,-69,4.7,,0
1996-10-07,49,20,-68,4.7,,0
1996-10-07,50,18.2,-67,4.0,,0
1996-10-07,51,17,-66,3.8,,0
1996-10-07,52,16,-64,2.6,,0
1996-10-07,53,10,-58,1.5,,0
1996-10-07,54,9.8,-58,1.5,,0
1996-10-07,55,9,-58,1.5,,0
1996-10-07,56,7.8,-58,1.3,,0
1996-10-24,1,973,-13,2.9,,0
1996-10-24,2,940,-16,2.8,,0
1996-10-24,3,900,-18,2.3,,0
1996-10-24,4,822,-21,1.7,,0
1996-10-24,5,750,-26,1.3,,0
1996-10-24,6,709,-27,1.4,,0
1996-10-24,7,700,-27,1.4,,0
1996-10-24,8,652,-27,1.4,,0
1996-10-24,9,630,-28,1.3,,0
1996-10-24,10,609,-29,1.5,,0
1996-10-24,11,592,-30,1.2,,0
1996-10-24,12,568,-32,0.8,,0
1996-10-24,13,555,-32,0.9,,0
1996-10-24,14,532,-33,0.6,,0
1996-10-24,15,505,-36,0.8,,0
1996-10-24,16,500,-37,0.8,,0
1996-10-24,17,454,-41,0.5,,0
1996-10-24,18,425,-44,0.4,,0
1996-10-24,19,404,-46,0.4,,0
1996-10-24,20,392,-47,0.4,,0
1996-10-24,21,346,-53,0.4,,0
1996-10-24,22,339,-54,0.4,,0
1996-10-24,23,328,-56,0.3,,0
1996-10-24,24,312,-58,0.4,,0
1996-10-24,25,300,-60,0.3,,0
1996-10-24,26,284,-63,0.3,,0
1996-10-24,27,257,-64,0.9,,0
1996-10-24,28,250,-64,0.9,,0
1996-10-24,29,232,-64,2.0,,0
1996-10-24,30,214,-65,2.9,,0
1996-10-24,31,209,-65,2.8,,0
1996-10-24,32,200,-65,3.3,,0
1996-10-24,33,190,-66,3.9,,0
1996-10-24,34,160,-67,4.0,,0
1996-10-24,35,154,-68,3.9,,0
1996-10-24,36,150,-68,3.9,,0
1996-10-24,37,134,-69,3.3,,0
1996-10-24,38,129,-70,3.7,,0
1996-10-24,39,115,-71,1.4,,0
1996-10-24,40,104,-73,0.7,,0
1996-10-24,41,100,-73,0.9,,0
1996-10-24,42,89,-74,1.9,,0
1996-10-24,43,70.8,-74,0.6,,0
1996-10-24,44,70,-75,0.5,,0
1996-10-24,45,66.2,-75,0.1,,0
1996-10-24,46,59,-75,0.1,,0
1996-10-24,47,50,-73,0.2,,0
1996-10-24,48,47.4,-73,0.4,,0
1996-10-24,49,40,-69,1.1,,0
1996-10-24,50,35,-66,1.3,,0
1996-10-24,51,32.8,-66,1.7,,0
1996-10-24,52,31.5,-65,2.3,,0
1996-10-24,53,30,-64,2.7,,0
1996-10-24,54,28.1,-63,3.1,,0
1996-10-24,55,27.2,-62,3.1,,0
1996-10-24,56,25.1,-60,4.3,,0
1996-10-24,57,21.8,-60,4.6,,0
1996-10-24,58,20,-60,4.1,,0
1996-10-24,59,16.5,-60,1.2,,0
1996-10-24,60,12.2,-61,0.1,,0
1996-11-16,1,100,-2,2.0,,0
1996-11-16,2,993,-3,2.1,,0
1996-11-16,3,912,-7,2.0,,0
1996-11-16,4,889,-11,2.0,,0
1996-11-16,5,818,-12,1.9,,0
1996-11-16,6,800,-12,1.9,,0
1996-11-16,7,752,-11,1.9,,0
1996-11-16,8,730,-13,1.9,,0
1996-11-16,9,700,-15,1.9,,0
1996-11-16,10,679,-16,1.9,,0
1996-11-16,11,652,-17,1.7,,0
1996-11-16,12,577,-21,1.8,,0
1996-11-16,13,550,-23,1.5,,0
1996-11-16,14,510,-28,1.2,,0
1996-11-16,15,500,-28,1.2,,0
1996-11-16,16,494,-29,1.2,,0
1996-11-16,17,479,-31,1.0,,0
1996-11-16,18,454,-34,1.1,,0
1996-11-16,19,411,-39,0.9,,0
1996-11-16,20,399,-41,0.7,,0
1996-11-16,21,370,-44,0.8,,0
1996-11-16,22,328,-49,0.7,,0
1996-11-16,23,300,-54,0.7,,0
1996-11-16,24,285,-58,0.6,,0
1996-11-16,25,260,-62,0.5,,0
1996-11-16,26,244,-65,0.3,,0
1996-11-16,27,228,-69,0.5,,0
1996-11-16,28,215,-71,0.7,,0
1996-11-16,29,200,-73,0.8,,0
1996-11-16,30,191,-75,1.0,,0
1996-11-16,31,175,-73,2.8,,0
1996-11-16,32,167,-73,2.5,,0
1996-11-16,33,154,-73,3.7,,0
1996-11-16,34,150,-73,3.5,,0
1996-11-16,35,145,-75,3.4,,0
1996-11-16,36,138,-74,2.4,,0
1996-11-16,37,130,-75,2.1,,0
1996-11-16,38,123,-73,1.5,,0
1996-11-16,39,118,-73,0.9,,0
1996-11-16,40,100,-73,0.8,,0
1996-11-16,41,82.5,-71,0.6,,0
1996-11-16,42,77.8,-71,0.8,,0
1996-11-16,43,74,-71,0.6,,0
1996-11-16,44,70,-68,0.7,,0
1996-11-16,45,59,-62,1.6,,0
1996-11-16,46,53.6,-60,2.8,,0
1996-11-16,47,51.1,-59,3.2,,0
1996-11-16,48,50,-59,3.4,,0
1996-11-16,49,46.5,-58,3.1,,0
1996-11-16,50,42,-55,3.7,,0
1996-11-16,51,38.5,-52,4.2,,0
1996-11-16,52,30,-47,7.0,,0
1996-11-16,53,29,-47,7.1,,0
1996-11-16,54,23.2,-44,7.7,,0
1996-11-16,55,20,-40,8.3,,0
1996-11-16,56,17.2,-36,8.0,,0
1996-11-16,57,15.1,-32,8.2,,0
1996-11-16,58,14,-31,8.0,,0
1996-11-16,59,12.5,-28,8.3,,0
1996-11-16,60,10.4,-26,8.1,,0
1996-11-16,61,10,-26,8.0,,0
1996-11-16,62,8.4,-26,7.4,,0
1996-11-16,63,7.5,-25,7.2,,0
1996-11-16,64,7,-25,7.2,,0
1996-11-16,65,6.2,-18,7.3,,0
1996-11-16,66,5.6,-17,7.5,,0
1996-11-16,67,5,-16,7.3,,0
1996-11-16,68,4.4,-15,6.9,,0
1996-11-28,1,979,-7,1.6,,0
1996-11-28,2,892,-17,1.6,,0
1996-11-28,3,857,-17,1.8,,0
1996-11-28,4,822,-18,1.8,,0
1996-11-28,5,768,-21,1.6,,0
1996-11-28,6,750,-22,1.8,,0
1996-11-28,7,721,-24,1.5,,0
1996-11-28,8,700,-26,1.6,,0
1996-11-28,9,655,-29,1.3,,0
1996-11-28,10,640,-31,1.3,,0
1996-11-28,11,622,-32,1.2,,0
1996-11-28,12,590,-35,1.4,,0
1996-11-28,13,520,-41,1.5,,0
1996-11-28,14,500,-43,1.4,,0
1996-11-28,15,470,-46,1.3,,0
1996-11-28,16,460,-47,1.7,,0
1996-11-28,17,434,-50,1.2,,0
1996-11-28,18,421,-51,1.1,,0
1996-11-28,19,399,-54,1.4,,0
1996-11-28,20,353,-57,2.1,,0
1996-11-28,21,341,-58,2.0,,0
1996-11-28,22,314,-60,2.7,,0
1996-11-28,23,300,-61,3.1,,0
1996-11-28,24,290,-61,3.3,,0
1996-11-28,25,272,-62,4.1,,0
1996-11-28,26,260,-62,3.7,,0
1996-11-28,27,245,-63,4.1,,0
1996-11-28,28,239,-64,4.6,,0
1996-11-28,29,224,-66,3.5,,0
1996-11-28,30,218,-66,4.6,,0
1996-11-28,31,200,-66,4.5,,0
1996-11-28,32,189,-66,4.5,,0
1996-11-28,33,180,-67,5.0,,0
1996-11-28,34,166,-68,5.1,,0
1996-11-28,35,154,-68,4.4,,0
1996-11-28,36,150,-69,4.3,,0
1996-11-28,37,140,-69,3.9,,0
1996-11-28,38,135,-69,4.1,,0
1996-11-28,39,130,-70,3.5,,0
1996-11-28,40,122,-70,3.5,,0
1996-11-28,41,120,-71,3.8,,0
1996-11-28,42,111,-70,2.6,,0
1996-11-28,43,102,-71,2.0,,0
1996-11-28,44,100,-71,1.8,,0
1996-11-28,45,94.8,-71,1.5,,0
1996-11-28,46,89,-70,1.5,,0
1996-11-28,47,81.2,-70,1.8,,0
1996-11-28,48,74,-68,1.9,,0
1996-11-28,49,70,-66,2.1,,0
1996-11-28,50,64.5,-65,2.7,,0
1996-11-28,51,62.2,-65,2.4,,0
1996-11-28,52,54,-61,3.6,,0
1996-11-28,53,50,-60,3.8,,0
1996-11-28,54,48,-59,3.9,,0
1996-11-28,55,45,-57,4.2,,0
1996-11-28,56,41,-54,5.4,,0
1996-11-28,57,37.1,-51,7.2,,0
1996-11-28,58,34.2,-49,7.7,,0
1996-11-28,59,30.7,-46,8.1,,0
1996-11-28,60,30,-45,8.3,,0
1996-11-28,61,29.2,-44,8.5,,0
1996-11-28,62,26.4,-43,8.8,,0
1996-11-28,63,24.8,-43,8.6,,0
1996-11-28,64,21.7,-40,11.7,,0
1996-11-30,1,994,-7,0.5,,0
1996-11-30,2,894,-8,0.8,,0
1996-11-30,3,851,-11,0.5,,0
1996-11-30,4,815,-14,0.7,,0
1996-11-30,5,770,-18,0.0,,0
1996-11-30,6,725,-21,0.4,,0
1996-11-30,7,700,-23,0.2,,0
1996-11-30,8,680,-25,0.4,,0
1996-11-30,9,641,-26,0.2,,0
1996-11-30,10,620,-28,0.7,,0
1996-11-30,11,590,-30,0.5,,0
1996-11-30,12,550,-33,0.8,,0
1996-11-30,13,528,-35,0.5,,0
1996-11-30,14,500,-36,0.7,,0
1996-11-30,15,452,-41,0.2,,0
1996-11-30,16,438,-42,0.3,,0
1996-11-30,17,419,-45,0.1,,0
1996-11-30,18,370,-51,0.1,,0
1996-11-30,19,330,-58,0.1,,0
1996-11-30,20,300,-61,0.1,,0
1996-11-30,21,274,-63,0.5,,0
1996-11-30,22,260,-64,1.2,,0
1996-11-30,23,252,-64,1.8,,0
1996-11-30,24,245,-64,2.1,,0
1996-11-30,25,222,-65,3.2,,0
1996-11-30,26,217,-65,3.2,,0
1996-11-30,27,205,-64,3.1,,0
1996-11-30,28,200,-64,2.9,,0
1996-11-30,29,188,-65,2.5,,0
1996-11-30,30,173,-65,3.0,,0
1996-11-30,31,156,-67,3.2,,0
1996-11-30,32,150,-67,3.1,,0
1996-11-30,33,137,-67,3.1,,0
1996-11-30,34,131,-68,2.9,,0
1996-11-30,35,122,-67,2.9,,0
1996-11-30,36,116,-69,2.5,,0
1996-11-30,37,107,-69,1.4,,0
1996-11-30,38,100,-67,1.3,,0
1996-11-30,39,92.5,-67,1.4,,0
1996-11-30,40,89.5,-67,1.2,,0
1996-11-30,41,85,-66,1.3,,0
1996-11-30,42,78.2,-64,0.8,,0
1996-11-30,43,70,-64,0.8,,0
1996-11-30,44,65.4,-64,0.9,,0
1996-11-30,45,56,-60,1.3,,0
1996-11-30,46,52.3,-56,2.0,,0
1996-11-30,47,50,-54,3.0,,0
1996-11-30,48,48.8,-53,3.5,,0
1996-11-30,49,47,-52,3.4,,0
1996-11-30,50,40.9,-49,4.9,,0
1996-11-30,51,38,-47,5.9,,0
1996-11-30,52,33.3,-44,6.7,,0
1996-11-30,53,31,-42,6.8,,0
1996-11-30,54,30,-41,7.1,,0
1996-11-30,55,29,-40,7.3,,0
1996-11-30,56,25.4,-36,8.0,,0
1996-11-30,57,22.6,-36,8.3,,0
1996-11-30,58,21,-34,8.0,,0
1996-11-30,59,20,-34,0.8,,0
1996-11-30,60,15.1,-31,10.2,,0
1996-11-30,61,12.9,-29,10.7,,0
1996-11-30,62,10,-26,10.2,,0
1996-11-30,63,8.7,-25,9.6,,0
1996-11-30,64,7.9,-25,9.4,,0
1996-11-30,65,7,-24,9.3,,0
1996-11-30,66,6,-24,8.1,,0
1996-11-30,67,5,-23,7.7,,0
1996-11-30,68,4.4,-26,7.3,,0
1996-11-30,69,3.8,-22,6.3,,0
1996-11-30,70,3.5,-22,6.4,,0
1996-11-30,71,3.2,-20,5.8,,0
1996-11-30,72,3.1,-20,4.9,,0
1996-12-07,1,993,-5,3.5,,0
1996-12-07,2,928,-10,4.1,,0
1996-12-07,3,885,-12,3.8,,0
1996-12-07,4,809,-17,3.6,,0
1996-12-07,5,750,-20,3.6,,0
1996-12-07,6,710,-21,3.1,,0
1996-12-07,7,700,-22,3.3,,0
1996-12-07,8,671,-22,3.3,,0
1996-12-07,9,620,-26,2.7,,0
1996-12-07,10,600,-28,2.7,,0
1996-12-07,11,571,-30,2.8,,0
1996-12-07,12,558,-30,2.7,,0
1996-12-07,13,512,-34,2.8,,0
1996-12-07,14,500,-35,2.7,,0
1996-12-07,15,490,-37,2.6,,0
1996-12-07,16,471,-39,2.2,,0
1996-12-07,17,402,-47,2.0,,0
1996-12-07,18,364,-54,1.5,,0
1996-12-07,19,330,-60,1.4,,0
1996-12-07,20,321,-61,1.2,,0
1996-12-07,21,312,-61,1.2,,0
1996-12-07,22,302,-63,1.3,,0
1996-12-07,23,300,-65,1.3,,0
1996-12-07,24,288,-67,1.5,,0
1996-12-07,25,287,-65,1.3,,0
1996-12-07,26,279,-67,2.3,,0
1996-12-07,27,264,-67,3.3,,0
1996-12-07,28,254,-68,3.8,,0
1996-12-07,29,240,-68,4.3,,0
1996-12-07,30,230,-68,4.8,,0
1996-12-07,31,224,-68,4.9,,0
1996-12-07,32,210,-67,4.9,,0
1996-12-07,33,200,-67,5.5,,0
1996-12-07,34,192,-68,5.7,,0
1996-12-07,35,175,-67,5.4,,0
1996-12-07,36,169,-68,5.5,,0
1996-12-07,37,159,-67,4.9,,0
1996-12-07,38,150,-67,3.8,,0
1996-12-07,39,131,-68,2.7,,0
1996-12-07,40,122,-68,2.6,,0
1996-12-07,41,120,-67,2.9,,0
1996-12-07,42,109,-66,2.6,,0
1996-12-07,43,100,-65,2.4,,0
1996-12-07,44,79.9,-60,2.5,,0
1996-12-07,45,70,-58,3.3,,0
1996-12-07,46,66.3,-56,3.6,,0
1996-12-07,47,59,-53,3.6,,0
1996-12-07,48,54,-50,4.6,,0
1996-12-07,49,50,-47,5.7,,0
1996-12-07,50,44.5,-44,7.1,,0
1996-12-07,51,42,-42,7.7,,0
1996-12-07,52,39.8,-41,9.2,,0
1996-12-07,53,36.2,-39,10.0,,0
1996-12-07,54,34.2,-38,10.0,,0
1996-12-07,55,30,-36,10.5,,0
1996-12-07,56,29.4,-34,10.6,,0
1996-12-07,57,26.5,-29,11.2,,0
1996-12-07,58,26,-29,11.0,,0
1996-12-07,59,23,-27,11.3,,0
1996-12-07,60,21.4,-26,12.5,,0
1996-12-07,61,21.1,-25,12.5,,0
1996-12-07,62,20,-24,13.8,,0
1996-12-07,63,18.9,-22,15.0,,0
1996-12-07,64,17.2,-22,15.7,,0
1996-12-07,65,15,-21,17.1,,0
1996-12-07,66,12.5,-22,17.3,,0
1996-12-07,67,11.8,-22,16.9,,0
1996-12-07,68,11.3,-23,17.1,,0
1996-12-07,69,11,-22,16.8,,0
1996-12-07,70,10.8,-21,17.0,,0
1996-12-07,71,10,-22,16.8,,0
1996-12-07,72,7.4,-22,15.6,,0
1996-12-09,1,989,0,4.3,,0
1996-12-09,2,948,-6,3.3,,0
1996-12-09,3,918,-8,3.5,,0
1996-12-09,4,885,-10,3.0,,0
1996-12-09,5,860,-12,3.1,,0
1996-12-09,6,830,-14,2.2,,0
1996-12-09,7,814,-15,2.2,,0
1996-12-09,8,800,-16,2.3,,0
1996-12-09,9,780,-17,2.0,,0
1996-12-09,10,754,-18,2.1,,0
1996-12-09,11,732,-19,1.6,,0
1996-12-09,12,700,-20,2.0,,0
1996-12-09,13,661,-22,2.2,,0
1996-12-09,14,622,-25,1.4,,0
1996-12-09,15,600,-26,1.7,,0
1996-12-09,16,589,-27,1.5,,0
1996-12-09,17,574,-28,1.7,,0
1996-12-09,18,550,-30,1.5,,0
1996-12-09,19,535,-32,1.1,,0
1996-12-09,20,500,-35,1.3,,0
1996-12-09,21,482,-37,1.2,,0
1996-12-09,22,459,-40,0.5,,0
1996-12-09,23,440,-42,1.0,,0
1996-12-09,24,420,-45,0.5,,0
1996-12-09,25,379,-51,0.4,,0
1996-12-09,26,354,-53,0.6,,0
1996-12-09,27,340,-56,0.4,,0
1996-12-09,28,310,-62,0.3,,0
1996-12-09,29,300,-63,0.6,,0
1996-12-09,30,284,-64,0.9,,0
1996-12-09,31,271,-66,1.2,,0
1996-12-09,32,242,-68,2.0,,0
1996-12-09,33,231,-69,2.7,,0
1996-12-09,34,220,-69,3.0,,0
1996-12-09,35,204,-68,3.9,,0
1996-12-09,36,200,-67,3.8,,0
1996-12-09,37,188,-68,3.9,,0
1996-12-09,38,175,-67,3.5,,0
1996-12-09,39,156,-66,3.9,,0
1996-12-09,40,150,-66,3.9,,0
1996-12-09,41,145,-67,3.9,,0
1996-12-09,42,122,-66,2.0,,0
1996-12-09,43,117,-66,1.7,,0
1996-12-09,44,110,-65,1.4,,0
1996-12-09,45,100,-63,1.7,,0
1996-12-09,46,83,-60,1.9,,0
1996-12-09,47,73.5,-56,2.2,,0
1996-12-09,48,70,-55,2.6,,0
1996-12-09,49,61,-48,3.9,,0
1996-12-09,50,54.8,-43,5.4,,0
1996-12-09,51,52,-43,5.9,,0
1996-12-09,52,50,-41,6.7,,0
1996-12-09,53,46.1,-38,7.6,,0
1996-12-09,54,42,-34,8.4,,0
1996-12-09,55,40,-32,8.9,,0
1996-12-09,56,37.8,-32,9.2,,0
1996-12-09,57,36,-31,10.0,,0
1996-12-09,58,34.8,-30,10.5,,0
1996-12-09,59,30,-27,13.1,,0
1996-12-09,60,28.1,-26,13.9,,0
1996-12-09,61,24.8,-26,14.7,,0
1996-12-09,62,22.4,-26,13.8,,0
1996-12-09,63,20,-26,13.5,,0
1996-12-09,64,17.5,-25,13.2,,0
1996-12-09,65,16.1,-25,12.5,,0
1996-12-09,66,15,-25,12.5,,0
1996-12-09,67,10.5,-24,11.6,,0
1996-12-09,68,10,-24,11.4,,0
1996-12-09,69,9.3,-23,11.3,,0
1996-12-09,70,7,-25,9.4,,0
1996-12-09,71,5.8,-24,8.2,,0
1996-12-09,72,5,-24,7.2,,0
1996-12-20,1,985,-3,2.8,,0
1996-12-20,2,950,-4,2.9,,0
1996-12-20,3,871,-11,2.6,,0
1996-12-20,4,798,-16,2.5,,0
1996-12-20,5,700,-23,2.1,,0
1996-12-20,6,659,-25,1.8,,0
1996-12-20,7,618,-27,2.0,,0
1996-12-20,8,605,-29,1.8,,0
1996-12-20,9,530,-35,1.7,,0
1996-12-20,10,500,-38,1.6,,0
1996-12-20,11,490,-39,1.7,,0
1996-12-20,12,429,-46,1.6,,0
1996-12-20,13,413,-48,1.7,,0
1996-12-20,14,398,-50,1.5,,0
1996-12-20,15,370,-53,1.7,,0
1996-12-20,16,339,-58,1.7,,0
1996-12-20,17,300,-64,1.8,,0
1996-12-20,18,270,-67,3.2,,0
1996-12-20,19,262,-66,3.4,,0
1996-12-20,20,248,-65,4.8,,0
1996-12-20,21,234,-65,5.4,,0
1996-12-20,22,228,-65,6.0,,0
1996-12-20,23,220,-64,6.1,,0
1996-12-20,24,200,-62,6.2,,0
1996-12-20,25,179,-61,6.0,,0
1996-12-20,26,171,-61,5.7,,0
1996-12-20,27,150,-61,5.0,,0
1996-12-20,28,145,-58,4.7,,0
1996-12-20,29,128,-57,3.0,,0
1996-12-20,30,119,-57,2.8,,0
1996-12-20,31,117,-55,2.8,,0
1996-12-20,32,108,-53,3.2,,0
1996-12-20,33,104,-51,3.1,,0
1996-12-20,34,102,-51,3.3,,0
1996-12-20,35,100,-49,3.7,,0
1996-12-20,36,91,-47,7.8,,0
1996-12-20,37,86.1,-45,7.0,,0
1996-12-20,38,84.2,-44,8.7,,0
1996-12-20,39,79.2,-44,9.9,,0
1996-12-20,40,77.4,-43,12.0,,0
1996-12-20,41,75.4,-42,13.5,,0
1996-12-20,42,70,-42,15.0,,0
1996-12-20,43,67.5,-43,15.5,,0
1996-12-20,44,59,-43,15.6,,0
1996-12-20,45,57,-42,15.9,,0
1996-12-20,46,53.2,-42,16.2,,0
1996-12-20,47,52,-43,16.1,,0
1996-12-20,48,50.8,-43,16.4,,0
1996-12-20,49,50,-43,16.4,,0
1996-12-20,50,47,-43,16.5,,0
1996-12-20,51,44.4,-42,15.9,,0
1996-12-20,52,41.1,-41,15.8,,0
1996-12-20,53,36,-40,15.5,,0
1996-12-20,54,33.5,-39,15.1,,0
1996-12-20,55,30,-39,13.9,,0
1996-12-20,56,29.7,-40,13.8,,0
1996-12-20,57,28,-39,11.8,,0
1996-12-20,58,26.9,-38,12.7,,0
1996-12-20,59,25.2,-38,11.8,,0
1996-12-20,60,22.9,-36,13.4,,0
1996-12-20,61,22,-35,14.1,,0
1996-12-20,62,20,-35,14.0,,0
1996-12-20,63,19,-35,14.0,,0
1996-12-20,64,18.2,-35,13.6,,0
1996-12-20,65,16,-33,13.2,,0
1996-12-20,66,13.1,-35,11.4,,0
1996-12-20,67,12,-34,10.6,,0
1996-12-20,68,10.4,-31,9.9,,0
1996-12-20,69,10,-31,9.4,,0
1996-12-20,70,8.9,-31,8.5,,0
1996-12-20,71,7.4,-27,6.9,,0
1996-12-20,72,7,-27,6.2,,0
1996-12-31,1,990,3,1.5,,0
1996-12-31,2,937,0,0.8,,0
1996-12-31,3,904,-3,1.0,,0
1996-12-31,4,872,-6,0.7,,0
1996-12-31,5,820,-10,0.8,,0
1996-12-31,6,777,-14,0.5,,0
1996-12-31,7,740,-16,0.6,,0
1996-12-31,8,700,-19,0.2,,0
1996-12-31,9,679,-21,0.4,,0
1996-12-31,10,649,-23,0.2,,0
1996-12-31,11,539,-33,0.3,,0
1996-12-31,12,525,-35,0.1,,0
1996-12-31,13,500,-37,0.3,,0
1996-12-31,14,472,-41,0.4,,0
1996-12-31,15,423,-47,1.0,,0
1996-12-31,16,395,-50,0.5,,0
1996-12-31,17,379,-52,0.9,,0
1996-12-31,18,350,-56,0.8,,0
1996-12-31,19,330,-58,1.0,,0
1996-12-31,20,319,-59,0.5,,0
1996-12-31,21,300,-59,2.1,,0
1996-12-31,22,295,-59,1.3,,0
1996-12-31,23,249,-55,4.2,,0
1996-12-31,24,239,-57,4.9,,0
1996-12-31,25,230,-56,4.3,,0
1996-12-31,26,223,-55,4.7,,0
1996-12-31,27,217,-54,4.0,,0
1996-12-31,28,200,-54,4.0,,0
1996-12-31,29,187,-54,4.1,,0
1996-12-31,30,180,-54,3.6,,0
1996-12-31,31,150,-53,2.5,,0
1996-12-31,32,143,-52,2.1,,0
1996-12-31,33,125,-50,2.7,,0
1996-12-31,34,111,-48,2.3,,0
1996-12-31,35,100,-46,2.6,,0
1996-12-31,36,99,-46,2.6,,0
1996-12-31,37,89,-45,2.6,,0
1996-12-31,38,82,-44,3.8,,0
1996-12-31,39,80,-44,3.8,,0
1996-12-31,40,72.6,-42,5.6,,0
1996-12-31,41,70,-41,6.8,,0
1996-12-31,42,65,-42,9.6,,0
1996-12-31,43,61.8,-40,10.5,,0
1996-12-31,44,58.8,-37,10.6,,0
1996-12-31,45,54.6,-39,9.8,,0
1996-12-31,46,50,-38,9.6,,0
1996-12-31,47,43.3,-36,11.7,,0
1996-12-31,48,40.4,-36,12.3,,0
1996-12-31,49,37.5,-35,12.1,,0
1996-12-31,50,35,-34,11.2,,0
1996-12-31,51,30,-35,10.4,,0
1996-12-31,52,22.8,-35,9.2,,0
1996-12-31,53,21.8,-34,8.9,,0
1996-12-31,54,20,-35,8.3,,0
1996-12-31,55,17.4,-34,7.8,,0
1996-12-31,56,12.4,-35,6.1,,0
1996-12-31,57,10,-33,5.8,,0
1996-12-31,58,7,-33,5.4,,0
1996-12-31,59,6,-33,5.2,,0
1996-12-31,60,5,-32,4.9,,0
1997-01-18,1,993,-3,1.1,,0
1997-01-18,2,940,-7,1.2,,0
1997-01-18,3,740,-20,1.1,,0
1997-01-18,4,700,-21,1.0,,0
1997-01-18,5,640,-25,0.8,,0
1997-01-18,6,500,-36,0.9,,0
1997-01-18,7,350,-49,1.1,,0
1997-01-18,8,310,-53,1.7,,0
1997-01-18,9,300,-53,2.3,,0
1997-01-18,10,260,-51,4.5,,0
1997-01-18,11,230,-49,5.6,,0
1997-01-18,12,200,-47,4.8,,0
1997-01-18,13,178,-46,4.5,,0
1997-01-18,14,166,-46,4.1,,0
1997-01-18,15,150,-47,3.7,,0
1997-01-18,16,148,-46,3.8,,0
1997-01-18,17,139,-46,4.2,,0
1997-01-18,18,128,-45,5.0,,0
1997-01-18,19,125,-45,5.1,,0
1997-01-18,20,120,-46,5.7,,0
1997-01-18,21,112,-46,6.4,,0
1997-01-18,22,105,-45,7.8,,0
1997-01-18,23,100,-45,8.0,,0
1997-01-18,24,96,-44,8.3,,0
1997-01-18,25,94.1,-44,8.8,,0
1997-01-18,26,93,-44,9.2,,0
1997-01-18,27,89.5,-44,9.6,,0
1997-01-18,28,88,-44,9.9,,0
1997-01-18,29,83.4,-43,10.5,,0
1997-01-18,30,78,-44,10.8,,0
1997-01-18,31,74,-43,11.3,,0
1997-01-18,32,71.1,-44,11.3,,0
1997-01-18,33,70,-44,11.5,,0
1997-01-18,34,67.5,-43,11.8,,0
1997-01-18,35,57.2,-42,10.8,,0
1997-01-18,36,55.7,-41,11.0,,0
1997-01-18,37,52,-41,11.7,,0
1997-01-18,38,50,-40,11.6,,0
1997-01-18,39,42,-40,10.7,,0
1997-01-18,40,39,-40,10.2,,0
1997-01-18,41,34.8,-40,10.5,,0
1997-01-18,42,31.4,-39,10.5,,0
1997-01-18,43,30,-39,10.1,,0
1997-01-18,44,24.5,-40,8.9,,0
1997-01-18,45,20,-39,9.4,,0
1997-01-18,46,17,-37,9.9,,0
1997-01-18,47,15,-36,10.5,,0
1997-01-18,48,10,-35,8.8,,0
1997-01-18,49,7,-33,7.1,,0
1997-01-18,50,6.5,-33,6.8,,0
1997-02-14,1,974,0,0.3,,0
1997-02-14,2,724,-19,0.3,,0
1997-02-14,3,70,-17,0.3,,0
1997-02-14,4,572,-23,0.3,,0
1997-02-14,5,500,-29,0.3,,0
1997-02-14,6,460,-33,0.3,,0
1997-02-14,7,370,-42,0.4,,0
1997-02-14,8,319,-48,0.4,,0
1997-02-14,9,300,-51,0.5,,0
1997-02-14,10,268,-55,0.6,,0
1997-02-14,11,250,-53,1.2,,0
1997-02-14,12,241,-51,1.8,,0
1997-02-14,13,230,-49,1.9,,0
1997-02-14,14,217,-48,2.2,,0
1997-02-14,15,200,-46,1.6,,0
1997-02-14,16,190,-46,1.9,,0
1997-02-14,17,174,-46,1.9,,0
1997-02-14,18,162,-44,2.4,,0
1997-02-14,19,150,-44,3.2,,0
1997-02-14,20,142,-44,3.7,,0
1997-02-14,21,128,-44,3.7,,0
1997-02-14,22,120,-45,4.0,,0
1997-02-14,23,112,-44,4.3,,0
1997-02-14,24,108,-43,4.5,,0
1997-02-14,25,105,-43,4.8,,0
1997-02-14,26,102,-43,5.6,,0
1997-02-14,27,100,-43,5.8,,0
1997-02-14,28,95,-42,6.1,,0
1997-02-14,29,88,-41,6.3,,0
1997-02-14,30,81.5,-41,6.4,,0
1997-02-14,31,76.1,-41,6.6,,0
1997-02-14,32,70,-42,7.5,,0
1997-02-14,33,69,-42,7.5,,0
1997-02-14,34,63.8,-41,7.3,,0
1997-02-14,35,58,-41,7.1,,0
1997-02-14,36,53,-41,6.4,,0
1997-02-14,37,50.5,-41,6.2,,0
1997-02-14,38,50,-41,6.1,,0
1997-02-14,39,47.5,-41,5.6,,0
1997-02-14,40,42.1,-40,4.8,,0
1997-02-14,41,39.8,-39,4.9,,0
1997-02-14,42,37.1,-39,5.3,,0
1997-02-14,43,35,-39,5.7,,0
1997-02-14,44,33.4,-39,5.8,,0
1997-02-14,45,30,-39,5.2,,0
1997-02-14,46,25.1,-38,4.2,,0
1997-02-14,47,22.1,-39,3.6,,0
1997-02-14,48,20.8,-39,3.4,,0
1997-02-14,49,20,-39,3.3,,0
1997-02-14,50,17.5,-39,2.9,,0
1997-02-14,51,15.2,-39,2.6,,0
1997-02-14,52,13.4,-38,2.2,,0
1997-02-14,53,11.7,-37,1.8,,0
1997-02-14,54,10,-37,1.5,,0
1997-02-14,55,9.2,-37,1.3,,0
1997-02-14,56,8,-36,1.0,,0
1997-02-14,57,7,-36,1.0,,0
1997-02-14,58,6,-36,1.2,,0
1997-02-25,1,987,-5,0.2,,0
1997-02-25,2,952,-8,0.1,,0
1997-02-25,3,930,-8,0.2,,0
1997-02-25,4,910,-8,0.2,,0
1997-02-25,5,890,-10,0.2,,0
1997-02-25,6,870,-11,0.2,,0
1997-02-25,7,850,-10,0.2,,0
1997-02-25,8,818,-11,0.2,,0
1997-02-25,9,798,-11,0.2,,0
1997-02-25,10,763,-12,0.2,,0
1997-02-25,11,740,-13,0.2,,0
1997-02-25,12,700,-14,0.2,,0
1997-02-25,13,678,-16,0.1,,0
1997-02-25,14,650,-17,0.2,,0
1997-02-25,15,612,-20,0.2,,0
1997-02-25,16,595,-20,0.2,,0
1997-02-25,17,570,-22,0.2,,0
1997-02-25,18,540,-23,0.3,,0
1997-02-25,19,518,-25,0.2,,0
1997-02-25,20,500,-26,0.1,,0
1997-02-25,21,490,-27,0.1,,0
1997-02-25,22,470,-29,0.2,,0
1997-02-25,23,430,-33,0.1,,0
1997-02-25,24,397,-37,0.2,,0
1997-02-25,25,373,-39,0.2,,0
1997-02-25,26,340,-45,0.2,,0
1997-02-25,27,330,-47,0.2,,0
1997-02-25,28,316,-49,0.2,,0
1997-02-25,29,300,-51,0.2,,0
1997-02-25,30,272,-56,0.2,,0
1997-02-25,31,257,-55,0.3,,0
1997-02-25,32,240,-55,0.8,,0
1997-02-25,33,237,-55,1.1,,0
1997-02-25,34,230,-54,1.5,,0
1997-02-25,35,213,-52,1.6,,0
1997-02-25,36,200,-51,1.6,,0
1997-02-25,37,192,-51,1.6,,0
1997-02-25,38,185,-49,1.9,,0
1997-02-25,39,175,-48,2.2,,0
1997-02-25,40,161,-47,2.6,,0
1997-02-25,41,150,-46,2.7,,0
1997-02-25,42,138,-45,3.3,,0
1997-02-25,43,123,-45,2.8,,0
1997-02-25,44,120,-45,2.9,,0
1997-02-25,45,115,-45,3.4,,0
1997-02-25,46,109,-45,3.5,,0
1997-02-25,47,101,-45,4.2,,0
1997-02-25,48,100,-45,4.4,,0
1997-02-25,49,92,-44,4.9,,0
1997-02-25,50,89.7,-44,5.3,,0
1997-02-25,51,81,-43,6.5,,0
1997-02-25,52,80,-43,6.7,,0
1997-02-25,53,73.7,-44,7.2,,0
1997-02-25,54,70,-44,7.1,,0
1997-02-25,55,65,-44,6.8,,0
1997-02-25,56,54,-43,8.2,,0
1997-02-25,57,50,-42,7.7,,0
1997-02-25,58,42.2,-42,7.4,,0
1997-02-25,59,38.2,-41,6.4,,0
1997-02-25,60,30,-41,3.9,,0
1997-02-25,61,28.8,-41,3.5,,0
1997-02-25,62,24,-40,4.2,,0
1997-02-25,63,20.7,-40,3.6,,0
1997-02-25,64,20,-40,3.6,,0
1997-02-25,65,17.5,-39,4.0,,0
1997-02-25,66,12.5,-38,3.6,,0
1997-03-09,1,969,-1,0.5,,0
1997-03-09,2,932,-4,0.7,,0
1997-03-09,3,908,-6,0.6,,0
1997-03-09,4,890,-7,0.5,,0
1997-03-09,5,770,-14,0.5,,0
1997-03-09,6,700,-17,0.4,,0
1997-03-09,7,671,-19,0.4,,0
1997-03-09,8,580,-25,0.5,,0
1997-03-09,9,509,-28,0.6,,0
1997-03-09,10,500,-28,0.5,,0
1997-03-09,11,470,-31,0.6,,0
1997-03-09,12,422,-35,0.5,,0
1997-03-09,13,387,-39,0.4,,0
1997-03-09,14,347,-43,0.4,,0
1997-03-09,15,300,-30,0.6,,0
1997-03-09,16,276,-54,0.8,,0
1997-03-09,17,264,-54,1.2,,0
1997-03-09,18,236,-51,2.8,,0
1997-03-09,19,222,-50,3.1,,0
1997-03-09,20,214,-49,1.8,,0
1997-03-09,21,210,-49,1.6,,0
1997-03-09,22,205,-48,2.5,,0
1997-03-09,23,200,-47,3.5,,0
1997-03-09,24,191,-46,3.9,,0
1997-03-09,25,182,-45,4.3,,0
1997-03-09,26,171,-45,4.6,,0
1997-03-09,27,159,-44,5.1,,0
1997-03-09,28,150,-44,4.6,,0
1997-03-09,29,138,-45,3.9,,0
1997-03-09,30,125,-46,3.7,,0
1997-03-09,31,120,-46,3.7,,0
1997-03-09,32,111,-46,3.9,,0
1997-03-09,33,100,-46,4.8,,0
1997-03-09,34,98.9,-46,5.2,,0
1997-03-09,35,85,-46,7.3,,0
1997-03-09,36,81.2,-46,8.5,,0
1997-03-09,37,78.1,-45,7.2,,0
1997-03-09,38,73.2,-44,9.6,,0
1997-03-09,39,70,-44,9.6,,0
1997-03-09,40,62.4,-44,9.6,,0
1997-03-09,41,58.8,-44,9.7,,0
1997-03-09,42,56.4,-44,10.1,,0
1997-03-09,43,53,-45,11.3,,0
1997-03-09,44,50,-44,11.7,,0
1997-03-09,45,46,-46,11.6,,0
1997-03-09,46,43.5,-47,11.3,,0
1997-03-09,47,39.8,-46,11.5,,0
1997-03-09,48,37.4,-45,11.1,,0
1997-03-09,49,33.9,-43,10.6,,0
1997-03-09,50,31.4,-43,10.9,,0
1997-03-09,51,30,-43,10.8,,0
1997-03-09,52,27.5,-43,10.5,,0
1997-03-09,53,25,-43,9.4,,0
1997-03-09,54,23.8,-43,8.3,,0
1997-03-09,55,22.4,-44,7.6,,0
1997-03-09,56,20.4,-44,6.8,,0
1997-03-09,57,20,-44,6.7,,0
1997-03-09,58,18,-44,6.2,,0
1997-03-09,59,15.1,-44,5.4,,0
1997-03-09,60,12,-44,4.3,,0
1997-03-23,1,970,-3,1.1,,0
1997-03-23,2,882,-7,1.3,,0
1997-03-23,3,740,-13,1.4,,0
1997-03-23,4,700,-15,1.3,,0
1997-03-23,5,648,-19,1.3,,0
1997-03-23,6,512,-29,1.3,,0
1997-03-23,7,500,-32,1.3,,0
1997-03-23,8,394,-39,1.4,,0
1997-03-23,9,318,-48,1.4,,0
1997-03-23,10,300,-50,2.0,,0
1997-03-23,11,292,-51,1.9,,0
1997-03-23,12,264,-55,1.2,,0
1997-03-23,13,252,-57,1.3,,0
1997-03-23,14,240,-57,2.0,,0
1997-03-23,15,232,-58,2.5,,0
1997-03-23,16,218,-57,2.9,,0
1997-03-23,17,206,-55,3.6,,0
1997-03-23,18,200,-54,3.9,,0
1997-03-23,19,175,-50,4.9,,0
1997-03-23,20,164,-50,4.5,,0
1997-03-23,21,158,-50,4.3,,0
1997-03-23,22,150,-50,3.8,,0
1997-03-23,23,148,-50,3.5,,0
1997-03-23,24,142,-50,3.2,,0
1997-03-23,25,139,-50,3.0,,0
1997-03-23,26,128,-51,3.4,,0
1997-03-23,27,120,-52,3.5,,0
1997-03-23,28,111,-52,4.1,,0
1997-03-23,29,104,-52,5.4,,0
1997-03-23,30,100,-52,5.8,,0
1997-03-23,31,95.8,-52,6.0,,0
1997-03-23,32,91,-53,6.9,,0
1997-03-23,33,86,-53,9.3,,0
1997-03-23,34,81.9,-53,11.5,,0
1997-03-23,35,75.2,-53,14.0,,0
1997-03-23,36,71,-52,14.4,,0
1997-03-23,37,70,-52,14.5,,0
1997-03-23,38,64.8,-53,14.2,,0
1997-03-23,39,57.3,-53,15.0,,0
1997-03-23,40,54.5,-53,15.3,,0
1997-03-23,41,52.8,-53,15.8,,0
1997-03-23,42,51.1,-53,15.6,,0
1997-03-23,43,50,-53,15.9,,0
1997-03-23,44,49,-53,16.0,,0
1997-03-23,45,46,-52,15.6,,0
1997-03-23,46,42.8,-52,15.4,,0
1997-03-23,47,39,-53,15.6,,0
1997-03-23,48,35.4,-54,15.2,,0
1997-03-23,49,30,-55,13.3,,0
1997-03-23,50,28.3,-55,12.8,,0
1997-03-23,51,25,-55,11.1,,0
1997-03-23,52,24,-55,11.2,,0
1997-03-23,53,20,-54,13.3,,0
1997-03-23,54,16.8,-55,15.5,,0
1997-03-23,55,15.2,-55,15.6,,0
1997-03-23,56,10,-55,13.3,,0
1997-03-23,57,8.8,-56,12.7,,0
1997-03-23,58,7.5,-56,12.7,,0
1997-03-23,59,7,-55,12.3,,0
1997-03-23,60,5,-55,10.5,,0
1997-03-23,61,3,-55,8.5,,0
1997-04-28,1,964,-3,5.1,,0
1997-04-28,2,913,-6,5.0,,0
1997-04-28,3,844,-13,5.0,,0
1997-04-28,4,778,-17,4.9,,0
1997-04-28,5,711,-22,5.0,,0
1997-04-28,6,700,-23,5.0,,0
1997-04-28,7,680,-25,5.0,,0
1997-04-28,8,644,-28,4.9,,0
1997-04-28,9,618,-30,4.9,,0
1997-04-28,10,570,-35,5.0,,0
1997-04-28,11,512,-40,5.2,,0
1997-04-28,12,500,-41,5.3,,0
1997-04-28,13,480,-43,5.4,,0
1997-04-28,14,430,-48,5.1,,0
1997-04-28,15,419,-50,5.0,,0
1997-04-28,16,394,-52,4.5,,0
1997-04-28,17,382,-52,4.9,,0
1997-04-28,18,371,-53,5.0,,0
1997-04-28,19,331,-56,5.1,,0
1997-04-28,20,319,-56,5.2,,0
1997-04-28,21,305,-56,5.1,,0
1997-04-28,22,300,-56,4.5,,0
1997-04-28,23,295,-57,3.8,,0
1997-04-28,24,281,-58,3.7,,0
1997-04-28,25,270,-59,4.2,,0
1997-04-28,26,262,-60,5.1,,0
1997-04-28,27,260,-59,5.4,,0
1997-04-28,28,254,-59,5.7,,0
1997-04-28,29,248,-58,5.9,,0
1997-04-28,30,225,-56,7.1,,0
1997-04-28,31,208,-56,8.1,,0
1997-04-28,32,200,-55,7.5,,0
1997-04-28,33,197,-56,7.1,,0
1997-04-28,34,189,-56,6.6,,0
1997-04-28,35,180,-56,7.1,,0
1997-04-28,36,170,-56,7.6,,0
1997-04-28,37,162,-56,8.0,,0
1997-04-28,38,154,-56,7.8,,0
1997-04-28,39,150,-55,7.8,,0
1997-04-28,40,144,-55,8.1,,0
1997-04-28,41,142,-55,9.0,,0
1997-04-28,42,140,-55,9.9,,0
1997-04-28,43,138,-55,10.3,,0
1997-04-28,44,130,-55,10.8,,0
1997-04-28,45,124,-55,12.6,,0
1997-04-28,46,118,-56,12.1,,0
1997-04-28,47,110,-55,12.4,,0
1997-04-28,48,103,-55,15.2,,0
1997-04-28,49,100,-55,16.4,,0
1997-04-28,50,96.5,-56,17.5,,0
1997-04-28,51,93.8,-56,17.2,,0
1997-04-28,52,92,-56,16.9,,0
1997-04-28,53,90,-56,17.6,,0
1997-04-28,54,85.6,-56,17.8,,0
1997-04-28,55,83,-56,17.0,,0
1997-04-28,56,70,-57,16.8,,0
1997-04-28,57,62,-57,16.8,,0
1997-04-28,58,50,-57,16.3,,0
1997-04-28,59,49.2,-56,16.1,,0
1997-04-28,60,46,-56,14.9,,0
1997-04-28,61,41,-57,12.2,,0
1997-04-28,62,39.2,-57,11.9,,0
1997-04-28,63,36.4,-56,11.7,,0
1997-04-28,64,31.2,-56,12.0,,0
1997-04-28,65,30,-56,11.9,,0
1997-04-28,66,28,-56,11.9,,0
1997-04-28,67,25.4,-55,11.0,,0
1997-04-28,68,20,-55,8.5,,0
1997-04-28,69,16.8,-54,7.0,,0
1997-04-28,70,13,-53,4.1,,0
1997-04-28,71,10,-53,1.8,,0
1997-04-28,72,8.6,-53,0.7,,0
1997-06-20,1,994,-4,2.2,,0
1997-06-20,2,918,-7,1.8,,0
1997-06-20,3,824,-11,1.4,,0
1997-06-20,4,780,-14,1.6,,0
1997-06-20,5,744,-17,1.5,,0
1997-06-20,6,700,-21,1.4,,0
1997-06-20,7,641,-25,1.0,,0
1997-06-20,8,596,-30,0.6,,0
1997-06-20,9,562,-40,0.5,,0
1997-06-20,10,500,-39,0.7,,0
1997-06-20,11,400,-46,0.6,,0
1997-06-20,12,338,-53,0.4,,0
1997-06-20,13,300,-58,0.2,,0
1997-06-20,14,280,-61,0.1,,0
1997-06-20,15,242,-67,0.0,,0
1997-06-20,16,215,-70,0.5,,0
1997-06-20,17,200,-72,0.9,,0
1997-06-20,18,195,-72,1.0,,0
1997-06-20,19,156,-72,1.1,,0
1997-06-20,20,150,-72,1.3,,0
1997-06-20,21,131,-73,1.9,,0
1997-06-20,22,122,-74,2.5,,0
1997-06-20,23,112,-75,4.3,,0
1997-06-20,24,105,-75,5.3,,0
1997-06-20,25,100,-75,5.5,,0
1997-06-20,26,91,-75,5.5,,0
1997-06-20,27,85,-76,6.2,,0
1997-06-20,28,71.8,-77,7.3,,0
1997-06-20,29,70,-77,7.6,,0
1997-06-20,30,50,-80,9.5,,0
1997-06-20,31,48.5,-80,9.5,,0
1997-06-20,32,30,-83,8.3,,0
1997-06-20,33,28,-83,8.3,,0
1997-06-20,34,20,-83,8.2,,0
1997-06-20,35,14,-83,8.1,,0
1997-06-20,36,12.2,-83,7.4,,0
1997-06-20,37,10.2,-84,5.8,,0
1997-07-02,1,982,-14,3.2,,0
1997-07-02,2,910,-16,3.4,,0
1997-07-02,3,925,-15,3.5,,0
1997-07-02,4,833,-22,3.1,,0
1997-07-02,5,700,-23,2.6,,0
1997-07-02,6,773,-19,2.8,,0
1997-07-02,7,697,-23,2.6,,0
1997-07-02,8,657,-25,2.3,,0
1997-07-02,9,622,-28,2.2,,0
1997-07-02,10,580,-30,2.0,,0
1997-07-02,11,540,-34,2.0,,0
1997-07-02,12,500,-39,2.0,,0
1997-07-02,13,470,-42,1.9,,0
1997-07-02,14,410,-50,1.6,,0
1997-07-02,15,392,-51,1.5,,0
1997-07-02,16,336,-59,1.6,,0
1997-07-02,17,310,-60,1.7,,0
1997-07-02,18,300,-63,1.6,,0
1997-07-02,19,291,-64,1.2,,0
1997-07-02,20,268,-67,1.2,,0
1997-07-02,21,240,-69,1.7,,0
1997-07-02,22,218,-70,3.0,,0
1997-07-02,23,200,-71,4.2,,0
1997-07-02,24,180,-71,6.0,,0
1997-07-02,25,170,-71,6.6,,0
1997-07-02,26,160,-71,7.2,,0
1997-07-02,27,150,-69,8.9,,0
1997-07-02,28,146,-69,9.2,,0
1997-07-02,29,137,-70,6.9,,0
1997-07-02,30,130,-71,7.4,,0
1997-07-02,31,121,-73,6.6,,0
1997-07-02,32,116,-72,7.7,,0
1997-07-02,33,108,-76,9.7,,0
1997-07-02,34,102,-73,11.2,,0
1997-07-02,35,100,-74,10.5,,0
1997-07-02,36,90.6,-76,12.0,,0
1997-07-02,37,87.7,-76,9.8,,0
1997-07-02,38,84,-76,8.0,,0
1997-07-02,39,78,-76,6.7,,0
1997-07-02,40,77.4,-76,6.7,,0
1997-07-02,41,74,-77,7.1,,0
1997-07-02,42,71.9,-77,6.7,,0
1997-07-02,43,70,-77,5.9,,0
1997-07-02,44,62.8,-78,2.4,,0
1997-07-02,45,61.8,-78,2.0,,0
1997-07-02,46,61.4,-78,2.0,,0
1997-07-02,47,61,-78,4.4,,0
1997-07-02,48,59,-79,2.6,,0
1997-07-02,49,58,-79,5.0,,0
1997-07-02,50,56,-81,3.8,,0
1997-07-02,51,55,-80,4.7,,0
1997-07-02,52,54.5,-80,3.8,,0
1997-07-02,53,52,-81,6.3,,0
1997-07-02,54,50,-81,8.6,,0
1997-07-02,55,47.5,-81,11.4,,0
1997-07-02,56,46,-82,12.0,,0
1997-07-02,57,45,-83,12.1,,0
1997-07-02,58,42.5,-83,12.1,,0
1997-07-02,59,40,-84,12.4,,0
1997-07-02,60,37.2,-84,11.9,,0
1997-07-02,61,36,-83,12.7,,0
1997-07-02,62,34,-83,12.1,,0
1997-07-02,63,32.3,-84,12.5,,0
1997-07-02,64,30,-84,10.9,,0
1997-07-02,65,29,-84,10.4,,0
1997-07-02,66,28.1,-84,10.5,,0
1997-07-02,67,26.1,-84,11.5,,0
1997-07-02,68,25.4,-84,11.8,,0
1997-07-02,69,24.2,-84,11.5,,0
1997-07-02,70,22.2,-84,10.3,,0
1997-07-02,71,20.6,-84,9.0,,0
1997-07-02,72,19,-84,8.9,,0
1997-07-02,73,18,-84,9.3,,0
1997-07-02,74,17.2,-84,9.0,,0
1997-07-02,75,17,-84,8.1,,0
1997-07-02,76,16.2,-84,7.7,,0
1997-07-02,77,15.2,-83,8.6,,0
1997-07-02,78,15,-83,8.3,,0
1997-07-02,79,13,-83,5.0,,0
1997-07-08,1,966,-23,5.3,,0
1997-07-08,2,897,-23,7.4,,0
1997-07-08,3,843,-23,10.1,,0
1997-07-08,4,802,-22,11.5,,0
1997-07-08,5,744,-23,11.7,,0
1997-07-08,6,700,-24,11.6,,0
1997-07-08,7,685,-25,11.5,,0
1997-07-08,8,653,-27,10.7,,0
1997-07-08,9,625,-29,10.7,,0
1997-07-08,10,597,-32,10.2,,0
1997-07-08,11,545,-36,10.9,,0
1997-07-08,12,500,-41,10.7,,0
1997-07-08,13,485,-43,11.0,,0
1997-07-08,14,467,-43,11.5,,0
1997-07-08,15,442,-47,11.3,,0
1997-07-08,16,402,-52,9.5,,0
1997-07-08,17,380,-55,8.5,,0
1997-07-08,18,349,-60,7.8,,0
1997-07-08,19,328,-63,7.6,,0
1997-07-08,20,300,-67,8.2,,0
1997-07-08,21,265,-72,6.4,,0
1997-07-08,22,248,-71,8.0,,0
1997-07-08,23,225,-71,8.3,,0
1997-07-08,24,205,-71,9.7,,0
1997-07-08,25,200,-71,9.7,,0
1997-07-08,26,183,-71,9.1,,0
1997-07-08,27,177,-72,9.8,,0
1997-07-08,28,162,-73,9.9,,0
1997-07-08,29,150,-73,10.5,,0
1997-07-08,30,141,-74,9.5,,0
1997-07-08,31,132,-76,10.1,,0
1997-07-08,32,126,-76,10.9,,0
1997-07-08,33,112,-78,16.2,,0
1997-07-08,34,100,-79,17.1,,0
1997-07-08,35,98.2,-81,16.7,,0
1997-07-08,36,94.9,-81,17.2,,0
1997-07-08,37,87.2,-81,19.4,,0
1997-07-08,38,83,-81,16.8,,0
1997-07-08,39,80,-81,19.4,,0
1997-07-08,40,77.3,-81,20.2,,0
1997-07-08,41,74,-82,19.6,,0
1997-07-08,42,70,-82,17.5,,0
1997-07-08,43,58.8,-83,7.7,,0
1997-07-08,44,56.1,-83,3.8,,0
1997-07-08,45,55.3,-83,4.1,,0
1997-07-08,46,53.9,-83,2.9,,0
1997-07-08,47,50,-84,2.2,,0
1997-07-08,48,33,-84,3.3,,0
1997-07-08,49,30,-84,4.0,,0
1997-07-08,50,21.8,-83,5.1,,0
1997-07-08,51,20,-83,6.8,,0
1997-07-08,52,18.1,-83,7.1,,0
1997-07-08,53,17.4,-82,6.3,,0
1997-08-07,1,965,-22,3.5,,0
1997-08-07,2,932,-19,3.5,,0
1997-08-07,3,885,-20,3.7,,0
1997-08-07,4,857,-20,3.7,,0
1997-08-07,5,800,-25,3.8,,0
1997-08-07,6,770,-26,3.9,,0
1997-08-07,7,720,-27,3.9,,0
1997-08-07,8,700,-29,3.9,,0
1997-08-07,9,667,-29,4.0,,0
1997-08-07,10,650,-30,4.0,,0
1997-08-07,11,600,-34,4.1,,0
1997-08-07,12,550,-39,4.1,,0
1997-08-07,13,510,-44,4.1,,0
1997-08-07,14,500,-45,4.2,,0
1997-08-07,15,450,-51,4.3,,0
1997-08-07,16,408,-56,4.4,,0
1997-08-07,17,380,-59,4.4,,0
1997-08-07,18,360,-62,4.4,,0
1997-08-07,19,340,-65,4.4,,0
1997-08-07,20,304,-69,4.6,,0
1997-08-07,21,300,-70,4.6,,0
1997-08-07,22,290,-72,4.5,,0
1997-08-07,23,270,-74,4.4,,0
1997-08-07,24,252,-74,4.4,,0
1997-08-07,25,235,-76,4.2,,0
1997-08-07,26,230,-76,4.4,,0
1997-08-07,27,214,-76,5.5,,0
1997-08-07,28,200,-77,6.4,,0
1997-08-07,29,190,-77,7.1,,0
1997-08-07,30,179,-77,7.2,,0
1997-08-07,31,165,-79,7.1,,0
1997-08-07,32,150,-79,7.3,,0
1997-08-07,33,125,-81,9.4,,0
1997-08-07,34,120,-81,10.5,,0
1997-08-07,35,113,-81,12.0,,0
1997-08-07,36,108,-82,12.3,,0
1997-08-07,37,100,-82,12.0,,0
1997-08-07,38,95.8,-82,13.2,,0
1997-08-07,39,93,-82,14.7,,0
1997-08-07,40,87.5,-83,15.0,,0
1997-08-07,41,83.5,-82,17.9,,0
1997-08-07,42,79.2,-82,18.1,,0
1997-08-07,43,75,-82,18.0,,0
1997-08-07,44,70,-82,18.3,,0
1997-08-07,45,67,-82,18.5,,0
1997-08-07,46,64.2,-82,18.1,,0
1997-08-07,47,62,-82,17.4,,0
1997-08-07,48,59.2,-82,13.7,,0
1997-08-07,49,58,-82,13.6,,0
1997-08-07,50,56.8,-82,14.9,,0
1997-08-07,51,51.8,-83,12.1,,0
1997-08-07,52,50,-84,13.2,,0
1997-08-07,53,49,-84,16.5,,0
1997-08-07,54,47,-84,13.2,,0
1997-08-07,55,45.2,-84,11.4,,0
1997-08-07,56,44.2,-84,10.5,,0
1997-08-07,57,41.5,-84,9.5,,0
1997-08-07,58,38.5,-84,6.2,,0
1997-08-07,59,35.1,-84,2.2,,0
1997-08-07,60,32.8,-84,2.1,,0
1997-08-07,61,31,-84,1.9,,0
1997-08-07,62,30,-84,1.9,,0
1997-08-07,63,27.5,-84,2.0,,0
1997-08-07,64,25.6,-84,1.7,,0
1997-08-07,65,23.2,-84,1.8,,0
1997-08-07,66,20,-82,1.7,,0
1997-08-07,67,19.4,-82,1.8,,0
1997-09-07,1,978,-12,5.8,,0
1997-09-07,2,955,-10,6.3,,0
1997-09-07,3,892,-14,7.2,,0
1997-09-07,4,790,-21,6.8,,0
1997-09-07,5,740,-21,6.5,,0
1997-09-07,6,700,-23,6.1,,0
1997-09-07,7,660,-27,5.6,,0
1997-09-07,8,565,-36,4.7,,0
1997-09-07,9,500,-43,4.5,,0
1997-09-07,10,530,-46,3.6,,0
1997-09-07,11,422,-50,3.3,,0
1997-09-07,12,345,-62,2.7,,0
1997-09-07,13,310,-68,2.3,,0
1997-09-07,14,300,-69,2.2,,0
1997-09-07,15,270,-72,2.2,,0
1997-09-07,16,250,-74,2.3,,0
1997-09-07,17,230,-75,2.2,,0
1997-09-07,18,218,-76,2.4,,0
1997-09-07,19,200,-77,3.4,,0
1997-09-07,20,183,-78,4.2,,0
1997-09-07,21,165,-78,4.1,,0
1997-09-07,22,158,-78,4.7,,0
1997-09-07,23,150,-78,4.9,,0
1997-09-07,24,147,-79,5.0,,0
1997-09-07,25,140,-81,5.3,,0
1997-09-07,26,132,-80,5.5,,0
1997-09-07,27,125,-80,5.4,,0
1997-09-07,28,120,-80,5.2,,0
1997-09-07,29,112,-81,5.6,,0
1997-09-07,30,100,-81,4.7,,0
1997-09-07,31,91,-81,4.6,,0
1997-09-07,32,81.7,-82,5.9,,0
1997-09-07,33,74,-81,7.4,,0
1997-09-07,34,70,-81,8.6,,0
1997-09-07,35,68,-81,9.4,,0
1997-09-07,36,66,-81,10.1,,0
1997-09-07,37,62,-80,10.6,,0
1997-09-07,38,57.5,-80,10.5,,0
1997-09-07,39,54,-81,10.3,,0
1997-09-07,40,53,-80,10.4,,0
1997-09-07,41,50,-80,9.5,,0
1997-09-07,42,48.2,-80,9.0,,0
1997-09-07,43,41.5,-80,7.8,,0
1997-09-07,44,36.8,-80,6.4,,0
1997-09-07,45,34,-80,4.2,,0
1997-09-07,46,32,-80,1.9,,0
1997-09-07,47,30,-80,0.9,,0
1997-09-07,48,27,-80,0.1,,0
1997-10-04,1,973,-13,2.5,,0
1997-10-04,2,920,-16,2.4,,0
1997-10-04,3,860,-23,2.1,,0
1997-10-04,4,800,-26,2.0,,0
1997-10-04,5,715,-32,1.3,,0
1997-10-04,6,700,-33,1.3,,0
1997-10-04,7,670,-35,1.3,,0
1997-10-04,8,626,-37,1.2,,0
1997-10-04,9,610,-38,1.0,,0
1997-10-04,10,560,-41,1.3,,0
1997-10-04,11,515,-45,1.3,,0
1997-10-04,12,500,-47,1.2,,0
1997-10-04,13,480,-48,1.2,,0
1997-10-04,14,442,-51,1.2,,0
1997-10-04,15,393,-55,1.0,,0
1997-10-04,16,370,-57,1.2,,0
1997-10-04,17,350,-59,1.1,,0
1997-10-04,18,322,-62,1.0,,0
1997-10-04,19,300,-64,0.9,,0
1997-10-04,20,290,-64,0.9,,0
1997-10-04,21,265,-64,2.6,,0
1997-10-04,22,250,-64,4.3,,0
1997-10-04,23,232,-65,5.1,,0
1997-10-04,24,222,-66,4.3,,0
1997-10-04,25,217,-66,4.6,,0
1997-10-04,26,205,-67,4.5,,0
1997-10-04,27,200,-68,4.3,,0
1997-10-04,28,190,-68,4.0,,0
1997-10-04,29,165,-70,2.8,,0
1997-10-04,30,150,-72,1.5,,0
1997-10-04,31,145,-72,1.3,,0
1997-10-04,32,128,-73,1.4,,0
1997-10-04,33,123,-73,0.9,,0
1997-10-04,34,112,-74,0.6,,0
1997-10-04,35,110,-74,0.2,,0
1997-10-04,36,108,-74,0.3,,0
1997-10-04,37,105,-74,0.6,,0
1997-10-04,38,100,-74,0.2,,0
1997-10-04,39,98,-73,0.2,,0
1997-10-04,40,92.7,-72,0.3,,0
1997-10-04,41,83.3,-74,0.3,,0
1997-10-04,42,76.6,-75,0.6,,0
1997-10-04,43,70,-76,0.3,,0
1997-10-04,44,59.2,-76,0.2,,0
1997-10-04,45,54,-76,0.3,,0
1997-10-04,46,50,-76,0.3,,0
1997-10-04,47,47.5,-76,0.1,,0
1997-10-04,48,36,-71,3.4,,0
1997-10-04,49,31,-68,4.3,,0
1997-10-04,50,30,-68,4.4,,0
1997-10-04,51,28,-66,5.0,,0
1997-10-04,52,24.5,-65,6.2,,0
1997-10-04,53,20,-62,6.4,,0
1997-10-04,54,10,-54,4.4,,0
1997-10-04,55,9,-54,3.9,,0
1997-10-04,56,7,-53,3.9,,0
1997-10-04,57,6.1,-51,3.9,,0
1997-10-07,1,975,-11,5.0,,0
1997-10-07,2,700,-26,4.8,,0
1997-10-07,3,500,-43,4.6,,0
1997-10-07,4,418,-52,3.5,,0
1997-10-07,5,300,-62,3.0,,0
1997-10-07,6,285,-63,3.0,,0
1997-10-07,7,270,-65,4.2,,0
1997-10-07,8,255,-65,4.6,,0
1997-10-07,9,232,-66,5.0,,0
1997-10-07,10,215,-68,4.5,,0
1997-10-07,11,200,-68,4.8,,0
1997-10-07,12,190,-69,4.8,,0
1997-10-07,13,173,-71,4.6,,0
1997-10-07,14,162,-71,4.2,,0
1997-10-07,15,150,-73,4.3,,0
1997-10-07,16,147,-73,4.3,,0
1997-10-07,17,136,-73,3.3,,0
1997-10-07,18,130,-73,3.6,,0
1997-10-07,19,120,-75,4.2,,0
1997-10-07,20,111,-75,2.1,,0
1997-10-07,21,105,-75,1.1,,0
1997-10-07,22,100,-76,0.9,,0
1997-10-07,23,98.2,-76,0.8,,0
1997-10-07,24,81,-77,0.6,,0
1997-10-07,25,70,-77,0.9,,0
1997-10-07,26,67.3,-78,0.8,,0
1997-10-07,27,50,-77,0.8,,0
1997-10-07,28,38.8,-76,0.9,,0
1997-10-07,29,32.1,-75,1.2,,0
1997-10-07,30,30,-74,1.5,,0
1997-10-07,31,27.5,-73,2.2,,0
1997-10-07,32,24,-71,3.3,,0
1997-10-07,33,20.4,-69,4.6,,0
1997-10-07,34,20,-69,4.7,,0
1997-10-07,35,19,-68,4.9,,0
1997-10-07,36,16,-67,6.1,,0
1997-10-07,37,10,-62,5.3,,0
1997-10-07,38,7,-61,5.0,,0
1997-10-07,39,5.4,-61,5.1,,0
1997-10-13,1,974,-8,4.2,,0
1997-10-13,2,870,-17,4.8,,0
1997-10-13,3,770,-23,5.3,,0
1997-10-13,4,700,-25,5.7,,0
1997-10-13,5,648,-26,6.0,,0
1997-10-13,6,584,-31,6.3,,0
1997-10-13,7,500,-37,6.8,,0
1997-10-13,8,404,-46,7.4,,0
1997-10-13,9,340,-47,7.8,,0
1997-10-13,10,300,-60,7.4,,0
1997-10-13,11,298,-60,7.4,,0
1997-10-13,12,262,-65,7.2,,0
1997-10-13,13,248,-67,7.3,,0
1997-10-13,14,225,-69,7.6,,0
1997-10-13,15,212,-70,8.1,,0
1997-10-13,16,203,-70,8.3,,0
1997-10-13,17,200,-70,8.4,,0
1997-10-13,18,184,-72,9.0,,0
1997-10-13,19,170,-72,8.7,,0
1997-10-13,20,150,-74,8.0,,0
1997-10-13,21,147,-74,7.9,,0
1997-10-13,22,132,-75,6.9,,0
1997-10-13,23,124,-76,6.6,,0
1997-10-13,24,114,-77,5.2,,0
1997-10-13,25,108,-78,3.7,,0
1997-10-13,26,100,-78,3.2,,0
1997-10-13,27,93.5,-78,2.9,,0
1997-10-13,28,82.4,-79,2.5,,0
1997-10-13,29,71.3,-78,2.2,,0
1997-10-13,30,70,-79,2.2,,0
1997-10-13,31,59.6,-79,2.1,,0
1997-10-13,32,50,-79,2.0,,0
1997-10-13,33,40,-75,2.1,,0
1997-10-13,34,37,-74,2.5,,0
1997-10-13,35,32.2,-70,4.6,,0
1997-10-13,36,30.9,-68,5.8,,0
1997-10-13,37,30,-68,6.2,,0
1997-10-13,38,29.5,-68,6.4,,0
1997-10-13,39,25.8,-66,8.0,,0
1997-10-13,40,23,-65,8.6,,0
1997-10-13,41,20,-62,8.9,,0
1997-10-13,42,18.7,-62,7.7,,0
1997-10-13,43,17.8,-61,5.4,,0
1997-10-13,44,16.4,-60,2.9,,0
1997-10-13,45,15.4,-59,1.2,,0
1997-10-13,46,13,-59,1.5,,0
1997-10-13,47,10,-50,1.7,,0
1997-10-13,48,7,-44,2.2,,0
1997-10-13,49,5,-39,2.6,,0
1997-10-13,50,4,-37,2.8,,0
1997-11-09,1,986,-10,6.1,,0
1997-11-09,2,800,-19,6.6,,0
1997-11-09,3,700,-23,6.9,,0
1997-11-09,4,690,-23,6.9,,0
1997-11-09,5,664,-23,7.0,,0
1997-11-09,6,555,-31,7.3,,0
1997-11-09,7,500,-37,7.4,,0
1997-11-09,8,475,-40,7.6,,0
1997-11-09,9,445,-43,7.7,,0
1997-11-09,10,422,-45,8.1,,0
1997-11-09,11,410,-47,8.1,,0
1997-11-09,12,400,-48,8.0,,0
1997-11-09,13,384,-50,7.4,,0
1997-11-09,14,350,-53,7.8,,0
1997-11-09,15,326,-55,7.4,,0
1997-11-09,16,310,-56,6.8,,0
1997-11-09,17,300,-58,6.7,,0
1997-11-09,18,284,-60,6.8,,0
1997-11-09,19,266,-62,6.6,,0
1997-11-09,20,258,-63,6.9,,0
1997-11-09,21,250,-64,7.0,,0
1997-11-09,22,220,-66,6.9,,0
1997-11-09,23,204,-67,7.4,,0
1997-11-09,24,200,-67,7.5,,0
1997-11-09,25,190,-67,7.5,,0
1997-11-09,26,180,-68,7.3,,0
1997-11-09,27,153,-69,5.9,,0
1997-11-09,28,150,-70,5.7,,0
1997-11-09,29,135,-71,4.2,,0
1997-11-09,30,132,-71,3.9,,0
1997-11-09,31,120,-72,3.4,,0
1997-11-09,32,100,-72,2.3,,0
1997-11-09,33,95,-74,1.9,,0
1997-11-09,34,88,-74,2.8,,0
1997-11-09,35,83,-74,2.4,,0
1997-11-09,36,78.8,-74,1.8,,0
1997-11-09,37,70,-74,1.8,,0
1997-11-09,38,65.2,-74,1.8,,0
1997-11-09,39,59.1,-73,1.2,,0
1997-11-09,40,55.4,-73,1.4,,0
1997-11-09,41,51,-70,2.0,,0
1997-11-09,42,50,-69,2.2,,0
1997-11-09,43,47.3,-65,2.5,,0
1997-11-09,44,44.1,-64,2.1,,0
1997-11-09,45,39,-61,0.7,,0
1997-11-09,46,34.8,-58,0.5,,0
1997-11-09,47,31.8,-55,1.2,,0
1997-11-09,48,30,-53,2.8,,0
1997-11-09,49,28.4,-51,4.9,,0
1997-11-09,50,27.8,-51,6.3,,0
1997-11-09,51,26,-50,7.7,,0
1997-11-09,52,23.7,-47,8.1,,0
1997-11-09,53,20,-42,8.1,,0
1997-11-09,54,19,-40,8.1,,0
1997-11-09,55,16,-34,8.1,,0
1997-12-04,1,976,4,2.2,,0
1997-12-04,2,910,6,2.2,,0
1997-12-04,3,821,-5,2.2,,0
1997-12-04,4,800,-6,2.2,,0
1997-12-04,5,700,-12,2.2,,0
1997-12-04,6,683,-13,2.2,,0
1997-12-04,7,670,-11,2.2,,0
1997-12-04,8,523,-23,2.2,,0
1997-12-04,9,500,-25,2.2,,0
1997-12-04,10,445,-31,2.2,,0
1997-12-04,11,368,-42,2.1,,0
1997-12-04,12,300,-51,2.0,,0
1997-12-04,13,270,-56,2.1,,0
1997-12-04,14,250,-59,2.2,,0
1997-12-04,15,210,-64,2.6,,0
1997-12-04,16,198,-62,3.9,,0
1997-12-04,17,182,-59,5.0,,0
1997-12-04,18,170,-57,5.1,,0
1997-12-04,19,159,-55,4.9,,0
1997-12-04,20,150,-57,4.9,,0
1997-12-04,21,143,-57,4.8,,0
1997-12-04,22,130,-53,4.4,,0
1997-12-04,23,128,-51,4.5,,0
1997-12-04,24,125,-52,4.7,,0
1997-12-04,25,121,-53,5.1,,0
1997-12-04,26,119,-54,5.6,,0
1997-12-04,27,115,-54,5.6,,0
1997-12-04,28,110,-54,5.3,,0
1997-12-04,29,102,-53,7.1,,0
1997-12-04,30,100,-52,7.3,,0
1997-12-04,31,98,-52,5.1,,0
1997-12-04,32,94.2,-50,2.9,,0
1997-12-04,33,91.5,-50,2.7,,0
1997-12-04,34,80,-45,2.9,,0
1997-12-04,35,73.2,-42,6.2,,0
1997-12-04,36,70,-42,9.5,,0
1997-12-04,37,67.8,-42,9.5,,0
1997-12-04,38,65,-39,8.7,,0
1997-12-04,39,61.3,-37,12.6,,0
1997-12-04,40,59.2,-36,13.0,,0
1997-12-04,41,54.7,-34,16.4,,0
1997-12-04,42,51.8,-33,17.2,,0
1997-12-04,43,50,-32,17.3,,0
1997-12-04,44,47.2,-31,17.5,,0
1997-12-04,45,45.2,-31,17.8,,0
1997-12-04,46,43.5,-32,18.0,,0
1997-12-04,47,41.8,-32,17.8,,0
1997-12-04,48,40.5,-31,17.2,,0
1997-12-04,49,37.2,-30,17.5,,0
1997-12-04,50,34,-29,16.7,,0
1997-12-04,51,31.8,-30,15.8,,0
1997-12-04,52,30,-30,15.6,,0
1997-12-04,53,27,-29,15.3,,0
1997-12-04,54,23.2,-28,14.0,,0
1997-12-04,55,20,-27,12.6,,0
1997-12-04,56,18.2,-27,12.1,,0
1997-12-04,57,17.5,-26,12.4,,0
1997-12-04,58,17,-26,12.9,,0
1997-12-04,59,16.1,-25,13.1,,0
1997-12-04,60,14.5,-24,12.7,,0
1997-12-04,61,12.8,-27,11.5,,0
1997-12-04,62,10,-23,10.7,,0
1997-12-04,63,9.2,-26,10.2,,0
1997-12-04,64,8.9,-27,10.1,,0
1997-12-04,65,5.8,-27,8.9,,0
1997-12-08,1,976,-5,0.4,,0
1997-12-08,2,932,-8,0.8,,0
1997-12-08,3,900,-7,0.9,,0
1997-12-08,4,825,-11,0.8,,0
1997-12-08,5,776,-15,1.5,,0
1997-12-08,6,723,-19,1.1,,0
1997-12-08,7,700,-19,1.1,,0
1997-12-08,8,690,-19,1.0,,0
1997-12-08,9,640,-22,1.5,,0
1997-12-08,10,528,-22,0.9,,0
1997-12-08,11,500,-31,0.8,,0
1997-12-08,12,385,-45,0.4,,0
1997-12-08,13,300,-55,0.1,,0
1997-12-08,14,290,-56,0.2,,0
1997-12-08,15,263,-58,1.1,,0
1997-12-08,16,230,-58,3.0,,0
1997-12-08,17,200,-55,4.0,,0
1997-12-08,18,193,-55,4.1,,0
1997-12-08,19,150,-52,2.2,,0
1997-12-08,20,142,-51,1.8,,0
1997-12-08,21,130,-50,1.8,,0
1997-12-08,22,120,-47,2.2,,0
1997-12-08,23,108,-45,2.9,,0
1997-12-08,24,100,-42,5.2,,0
1997-12-08,25,91.2,-41,6.0,,0
1997-12-08,26,84,-39,11.2,,0
1997-12-08,27,75.7,-39,11.8,,0
1997-12-08,28,70,-39,13.6,,0
1997-12-08,29,68,-38,13.8,,0
1997-12-08,30,62.3,-39,13.2,,0
1997-12-08,31,52.5,-38,14.0,,0
1997-12-08,32,50,-37,13.6,,0
1997-12-08,33,46,-37,13.3,,0
1997-12-08,34,40.5,-37,13.5,,0
1997-12-08,35,35,-35,12.7,,0
1997-12-08,36,32.2,-34,13.4,,0
1997-12-08,37,30,-34,13.0,,0
1997-12-08,38,27.5,-35,12.2,,0
1997-12-08,39,20,-34,9.4,,0
1997-12-08,40,17.2,-34,8.0,,0
1997-12-08,41,11,-29,8.2,,0
1997-12-08,42,10,-30,8.0,,0
1997-12-08,43,7,-30,6.8,,0
1997-12-08,44,6.5,-30,6.6,,0
1997-12-15,1,972,-2,1.6,,0
1997-12-15,2,894,-6,1.4,,0
1997-12-15,3,810,-12,1.2,,0
1997-12-15,4,700,-20,1.0,,0
1997-12-15,5,683,-23,0.9,,0
1997-12-15,6,556,-33,0.7,,0
1997-12-15,7,500,-39,0.8,,0
1997-12-15,8,445,-44,0.8,,0
1997-12-15,9,389,-48,1.5,,0
1997-12-15,10,352,-48,2.2,,0
1997-12-15,11,335,-48,2.6,,0
1997-12-15,12,322,-48,3.4,,0
1997-12-15,13,315,-48,3.5,,0
1997-12-15,14,304,-48,3.7,,0
1997-12-15,15,300,-47,3.9,,0
1997-12-15,16,285,-47,4.5,,0
1997-12-15,17,270,-47,5.0,,0
1997-12-15,18,252,-47,5.4,,0
1997-12-15,19,230,-45,5.5,,0
1997-12-15,20,222,-45,5.0,,0
1997-12-15,21,218,-45,5.3,,0
1997-12-15,22,210,-45,4.7,,0
1997-12-15,23,204,-44,4.9,,0
1997-12-15,24,200,-45,5.3,,0
1997-12-15,25,195,-45,4.7,,0
1997-12-15,26,190,-44,4.5,,0
1997-12-15,27,188,-44,4.7,,0
1997-12-15,28,180,-44,5.2,,0
1997-12-15,29,172,-44,5.0,,0
1997-12-15,30,155,-44,6.4,,0
1997-12-15,31,150,-44,6.7,,0
1997-12-15,32,147,-43,6.7,,0
1997-12-15,33,140,-43,6.3,,0
1997-12-15,34,139,-43,5.8,,0
1997-12-15,35,131,-42,6.9,,0
1997-12-15,36,128,-42,7.0,,0
1997-12-15,37,124,-42,7.0,,0
1997-12-15,38,121,-42,6.9,,0
1997-12-15,39,120,-41,7.8,,0
1997-12-15,40,110,-41,9.3,,0
1997-12-15,41,103,-40,9.2,,0
1997-12-15,42,100,-40,9.9,,0
1997-12-15,43,97.5,-40,10.7,,0
1997-12-15,44,94.8,-40,8.3,,0
1997-12-15,45,89.4,-40,9.5,,0
1997-12-15,46,85.8,-40,9.5,,0
1997-12-15,47,82.5,-39,10.3,,0
1997-12-15,48,78.8,-38,12.2,,0
1997-12-15,49,77,-38,12.9,,0
1997-12-15,50,75.2,-38,12.8,,0
1997-12-15,51,70,-38,13.0,,0
1997-12-15,52,63.5,-38,12.9,,0
1997-12-15,53,61.2,-37,13.6,,0
1997-12-15,54,57.7,-37,13.6,,0
1997-12-15,55,50,-35,14.2,,0
1997-12-15,56,46.8,-36,14.0,,0
1997-12-15,57,44.4,-35,14.1,,0
1997-12-15,58,42.8,-35,14.4,,0
1997-12-15,59,40,-35,13.7,,0
1997-12-15,60,38.2,-35,13.0,,0
1997-12-15,61,36.7,-35,13.3,,0
1997-12-15,62,32.8,-35,12.2,,0
1997-12-15,63,30,-36,11.5,,0
1997-12-15,64,24,-35,10.0,,0
1997-12-15,65,20.4,-35,10.2,,0
1997-12-15,66,20,-35,10.1,,0
1997-12-15,67,16.5,-33,9.5,,0
1997-12-15,68,14.1,-32,7.8,,0
1997-12-15,69,13.9,-32,7.9,,0
1997-12-15,70,13,-31,8.8,,0
1997-12-15,71,12.6,-31,9.1,,0
1997-12-15,72,11.9,-31,9.1,,0
1997-12-15,73,10.9,-31,8.4,,0
1997-12-15,74,10,-30,8.2,,0
1997-12-15,75,8.2,-30,7.5,,0
1997-12-15,76,7.5,-30,6.9,,0
1997-12-15,77,7,-29,6.7,,0
1997-12-15,78,5.9,-29,6.2,,0
1997-12-15,79,5.4,-26,5.9,,0
1997-12-15,80,5,-27,5.7,,0
1997-12-29,1,974,1,0.8,,0
1997-12-29,2,900,-5,0.9,,0
1997-12-29,3,842,-10,1.0,,0
1997-12-29,4,765,-13,1.2,,0
1997-12-29,5,700,-17,1.5,,0
1997-12-29,6,670,-19,1.7,,0
1997-12-29,7,667,-19,1.7,,0
1997-12-29,8,640,-20,1.5,,0
1997-12-29,9,608,-21,2.2,,0
1997-12-29,10,520,-28,2.0,,0
1997-12-29,11,500,-30,2.0,,0
1997-12-29,12,485,-31,2.0,,0
1997-12-29,13,380,-41,1.6,,0
1997-12-29,14,300,-51,1.7,,0
1997-12-29,15,288,-52,1.7,,0
1997-12-29,16,276,-52,1.8,,0
1997-12-29,17,260,-52,4.9,,0
1997-12-29,18,250,-51,5.8,,0
1997-12-29,19,242,-49,5.8,,0
1997-12-29,20,200,-46,5.7,,0
1997-12-29,21,150,-44,5.7,,0
1997-12-29,22,139,-43,6.2,,0
1997-12-29,23,130,-43,5.6,,0
1997-12-29,24,125,-42,6.3,,0
1997-12-29,25,116,-41,5.7,,0
1997-12-29,26,108,-40,7.7,,0
1997-12-29,27,100,-41,7.4,,0
1997-12-29,28,84,-40,9.2,,0
1997-12-29,29,81.3,-39,9.6,,0
1997-12-29,30,80,-39,10.0,,0
1997-12-29,31,73,-39,11.5,,0
1997-12-29,32,70,-38,11.9,,0
1997-12-29,33,61.5,-37,13.4,,0
1997-12-29,34,57,-37,13.0,,0
1997-12-29,35,55.2,-37,12.7,,0
1997-12-29,36,50,-36,14.4,,0
1997-12-29,37,46.2,-34,14.5,,0
1997-12-29,38,40,-34,15.1,,0
1997-12-29,39,36.2,-34,13.3,,0
1997-12-29,40,31.2,-34,14.3,,0
1997-12-29,41,30,-34,13.6,,0
1997-12-29,42,22,-31,11.9,,0
1997-12-29,43,20,-32,11.3,,0
1997-12-29,44,18,-32,11.0,,0
1997-12-29,45,16,-33,11.2,,0
1997-12-29,46,14.2,-33,11.3,,0
1997-12-29,47,10.5,-30,10.7,,0
1997-12-29,48,10,-29,10.8,,0
1997-12-29,49,8.5,-30,11.3,,0
1998-01-06,1,973,4,2.4,,0
1998-01-06,2,909,2,3.4,,0
1998-01-06,3,834,-1,3.7,,0
1998-01-06,4,776,-5,3.8,,0
1998-01-06,5,700,-10,3.8,,0
1998-01-06,6,680,-12,3.7,,0
1998-01-06,7,638,-10,3.5,,0
1998-01-06,8,557,-18,3.5,,0
1998-01-06,9,539,-20,3.6,,0
1998-01-06,10,510,-23,4.4,,0
1998-01-06,11,500,-24,3.8,,0
1998-01-06,12,490,-25,3.8,,0
1998-01-06,13,462,-28,4.9,,0
1998-01-06,14,444,-29,5.7,,0
1998-01-06,15,431,-31,4.9,,0
1998-01-06,16,427,-33,3.8,,0
1998-01-06,17,391,-35,5.0,,0
1998-01-06,18,381,-36,4.7,,0
1998-01-06,19,368,-38,4.1,,0
1998-01-06,20,340,-42,5.2,,0
1998-01-06,21,320,-44,7.0,,0
1998-01-06,22,305,-46,7.0,,0
1998-01-06,23,300,-47,7.3,,0
1998-01-06,24,286,-48,8.4,,0
1998-01-06,25,270,-48,7.8,,0
1998-01-06,26,257,-48,7.0,,0
1998-01-06,27,254,-49,9.0,,0
1998-01-06,28,236,-49,9.0,,0
1998-01-06,29,226,-49,9.3,,0
1998-01-06,30,200,-48,9.2,,0
1998-01-06,31,177,-48,9.0,,0
1998-01-06,32,168,-47,8.1,,0
1998-01-06,33,153,-47,8.2,,0
1998-01-06,34,150,-48,8.1,,0
1998-01-06,35,145,-47,7.8,,0
1998-01-06,36,120,-47,6.8,,0
1998-01-06,37,110,-47,5.7,,0
1998-01-06,38,105,-46,4.5,,0
1998-01-06,39,100,-45,5.0,,0
1998-01-06,40,80,-45,7.8,,0
1998-01-06,41,75.2,-41,7.8,,0
1998-01-06,42,69.1,-39,7.3,,0
1998-01-06,43,65,-39,8.7,,0
1998-01-06,44,61,-39,9.8,,0
1998-01-06,45,56.5,-39,12.2,,0
1998-01-06,46,50,-39,12.5,,0
1998-01-06,47,44.5,-39,12.5,,0
1998-01-06,48,40.2,-39,14.5,,0
1998-01-06,49,35.7,-39,14.0,,0
1998-01-06,50,32.3,-37,15.1,,0
1998-01-06,51,30.8,-36,15.2,,0
1998-01-06,52,30,-36,15.1,,0
1998-01-06,53,25,-38,13.6,,0
1998-01-06,54,21.6,-36,15.1,,0
1998-01-06,55,20,-36,15.7,,0
1998-01-06,56,19,-36,15.9,,0
1998-01-06,57,11.5,-36,14.5,,0
1998-01-06,58,10,-37,14.7,,0
1998-01-06,59,8,-35,14.9,,0
1998-01-16,1,973,-1,2.9,,0
1998-01-16,2,870,-6,2.3,,0
1998-01-16,3,840,-9,2.1,,0
1998-01-16,4,765,-14,1.9,,0
1998-01-16,5,725,-14,2.0,,0
1998-01-16,6,700,-20,1.7,,0
1998-01-16,7,600,-27,1.6,,0
1998-01-16,8,540,-33,1.6,,0
1998-01-16,9,500,-36,1.6,,0
1998-01-16,10,488,-37,1.7,,0
1998-01-16,11,462,-38,2.5,,0
1998-01-16,12,450,-38,2.3,,0
1998-01-16,13,425,-40,2.5,,0
1998-01-16,14,410,-42,2.3,,0
1998-01-16,15,386,-44,2.4,,0
1998-01-16,16,370,-47,3.0,,0
1998-01-16,17,355,-47,2.9,,0
1998-01-16,18,342,-49,2.3,,0
1998-01-16,19,320,-52,2.9,,0
1998-01-16,20,310,-52,3.3,,0
1998-01-16,21,300,-52,4.1,,0
1998-01-16,22,290,-52,6.2,,0
1998-01-16,23,272,-50,6.8,,0
1998-01-16,24,258,-47,7.0,,0
1998-01-16,25,230,-46,7.1,,0
1998-01-16,26,220,-44,6.5,,0
1998-01-16,27,213,-44,6.8,,0
1998-01-16,28,205,-43,6.4,,0
1998-01-16,29,200,-43,6.1,,0
1998-01-16,30,190,-43,6.4,,0
1998-01-16,31,182,-43,6.4,,0
1998-01-16,32,180,-43,6.2,,0
1998-01-16,33,160,-40,6.1,,0
1998-01-16,34,155,-42,5.1,,0
1998-01-16,35,150,-41,5.2,,0
1998-01-16,36,140,-40,5.8,,0
1998-01-16,37,132,-40,6.1,,0
1998-01-16,38,120,-42,6.3,,0
1998-01-16,39,110,-42,6.7,,0
1998-01-16,40,100,-42,7.9,,0
1998-01-16,41,96,-42,8.6,,0
1998-01-16,42,95.7,-41,9.4,,0
1998-01-16,43,91,-41,11.0,,0
1998-01-16,44,81.5,-41,11.5,,0
1998-01-16,45,77.3,-42,10.2,,0
1998-01-16,46,73,-41,10.2,,0
1998-01-16,47,70,-41,11.2,,0
1998-01-16,48,61.1,-40,14.4,,0
1998-01-16,49,56.8,-40,14.7,,0
1998-01-16,50,55.2,-41,13.9,,0
1998-01-16,51,50,-39,15.1,,0
1998-01-16,52,48.8,-39,14.7,,0
1998-01-16,53,48,-39,14.4,,0
1998-01-16,54,40.5,-38,15.4,,0
1998-01-16,55,38.5,-36,16.2,,0
1998-01-16,56,36.2,-36,15.2,,0
1998-01-16,57,33,-36,14.0,,0
1998-01-16,58,31,-36,14.3,,0
1998-01-16,59,30,-37,13.7,,0
1998-01-16,60,27,-36,11.9,,0
1998-01-16,61,26.5,-36,10.9,,0
1998-01-16,62,26,-35,9.6,,0
1998-01-16,63,25,-36,7.3,,0
1998-01-16,64,23,-37,6.7,,0
1998-01-16,65,22,-36,6.2,,0
1998-01-16,66,21.2,-35,3.5,,0
1998-01-16,67,20.9,-35,2.1,,0
1998-01-16,68,20,-34,1.7,,0
1998-01-16,69,19,-33,1.8,,0
1998-01-16,70,18.5,-33,1.9,,0
1998-01-16,71,18,-33,2.4,,0
1998-01-16,72,17.6,-33,3.2,,0
1998-01-16,73,17,-33,5.4,,0
1998-01-16,74,16.9,-34,5.8,,0
1998-01-16,75,16.2,-35,5.1,,0
1998-01-16,76,16,-33,5.4,,0
1998-01-16,77,15.8,-33,6.7,,0
1998-01-16,78,15.5,-33,5.1,,0
1998-01-16,79,14.8,-33,3.7,,0
1998-01-20,1,963,1,1.2,,0
1998-01-20,2,944,-1,2.0,,0
1998-01-20,3,910,-4,1.3,,0
1998-01-20,4,815,-8,1.5,,0
1998-01-20,5,800,-14,0.4,,0
1998-01-20,6,751,-17,0.5,,0
1998-01-20,7,700,-21,0.8,,0
1998-01-20,8,660,-24,0.8,,0
1998-01-20,9,603,-28,0.8,,0
1998-01-20,10,553,-30,0.7,,0
1998-01-20,11,500,-35,0.7,,0
1998-01-20,12,410,-45,0.9,,0
1998-01-20,13,363,-49,0.8,,0
1998-01-20,14,350,-50,0.7,,0
1998-01-20,15,340,-51,0.7,,0
1998-01-20,16,300,-51,3.3,,0
1998-01-20,17,270,-47,5.5,,0
1998-01-20,18,260,-45,5.8,,0
1998-01-20,19,250,-43,5.7,,0
1998-01-20,20,200,-42,5.3,,0
1998-01-20,21,171,-42,5.3,,0
1998-01-20,22,165,-41,5.0,,0
1998-01-20,23,150,-43,4.8,,0
1998-01-20,24,130,-44,6.7,,0
1998-01-20,25,119,-44,7.4,,0
1998-01-20,26,100,-43,11.4,,0
1998-01-20,27,90.3,-42,13.5,,0
1998-01-20,28,86.5,-42,13.9,,0
1998-01-20,29,82.5,-42,13.2,,0
1998-01-20,30,77.3,-42,11.6,,0
1998-01-20,31,74,-42,11.4,,0
1998-01-20,32,70,-42,12.5,,0
1998-01-20,33,64.2,-41,15.2,,0
1998-01-20,34,59.8,-40,15.7,,0
1998-01-20,35,56,-39,16.4,,0
1998-01-20,36,54,-40,16.4,,0
1998-01-20,37,51,-39,16.2,,0
1998-01-20,38,50,-39,16.3,,0
1998-01-20,39,47.8,-39,17.0,,0
1998-01-20,40,45.2,-39,16.9,,0
1998-01-20,41,37,-38,15.5,,0
1998-01-20,42,30,-37,13.2,,0
1998-01-20,43,29,-37,12.9,,0
1998-01-20,44,26.7,-37,14.6,,0
1998-01-20,45,24,-37,14.6,,0
1998-01-20,46,20,-37,13.4,,0
1998-01-20,47,15,-36,12.1,,0
1998-01-20,48,10,-34,11.4,,0
1998-01-20,49,9,-34,11.2,,0
1998-01-29,1,950,-8,1.9,,0
1998-01-29,2,885,-12,1.9,,0
1998-01-29,3,840,-12,1.9,,0
1998-01-29,4,700,-21,1.2,,0
1998-01-29,5,690,-23,1.1,,0
1998-01-29,6,580,-31,1.1,,0
1998-01-29,7,500,-36,1.0,,0
1998-01-29,8,470,-39,1.1,,0
1998-01-29,9,388,-46,1.5,,0
1998-01-29,10,375,-47,1.7,,0
1998-01-29,11,370,-48,1.5,,0
1998-01-29,12,332,-52,1.6,,0
1998-01-29,13,313,-55,1.2,,0
1998-01-29,14,300,-56,1.9,,0
1998-01-29,15,290,-55,3.5,,0
1998-01-29,16,250,-50,5.8,,0
1998-01-29,17,230,-49,5.8,,0
1998-01-29,18,222,-50,5.1,,0
1998-01-29,19,208,-49,5.8,,0
1998-01-29,20,200,-48,5.8,,0
1998-01-29,21,187,-49,5.5,,0
1998-01-29,22,165,-48,5.9,,0
1998-01-29,23,160,-49,5.8,,0
1998-01-29,24,150,-47,6.5,,0
1998-01-29,25,130,-46,7.8,,0
1998-01-29,26,120,-47,8.9,,0
1998-01-29,27,110,-48,8.7,,0
1998-01-29,28,105,-47,6.5,,0
1998-01-29,29,100,-47,9.1,,0
1998-01-29,30,95,-47,9.7,,0
1998-01-29,31,90,-46,9.7,,0
1998-01-29,32,89,-47,9.7,,0
1998-01-29,33,87,-46,11.3,,0
1998-01-29,34,80,-46,12.0,,0
1998-01-29,35,74,-45,12.3,,0
1998-01-29,36,72,-44,12.5,,0
1998-01-29,37,70,-44,12.4,,0
1998-01-29,38,62,-45,13.4,,0
1998-01-29,39,55.5,-43,13.8,,0
1998-01-29,40,52.7,-43,13.4,,0
1998-01-29,41,50,-43,13.5,,0
1998-01-29,42,46.2,-43,13.5,,0
1998-01-29,43,40.9,-43,12.0,,0
1998-01-29,44,38.8,-43,12.0,,0
1998-01-29,45,35,-42,13.5,,0
1998-01-29,46,33.7,-42,13.1,,0
1998-01-29,47,32.7,-41,11.9,,0
1998-01-29,48,31.5,-41,11.2,,0
1998-01-29,49,30.9,-41,11.1,,0
1998-01-29,50,30,-41,11.4,,0
1998-01-29,51,28.2,-40,12.7,,0
1998-01-29,52,26.5,-41,13.0,,0
1998-01-29,53,22.5,-40,12.3,,0
1998-01-29,54,21.1,-40,12.3,,0
1998-01-29,55,20,-40,12.4,,0
1998-01-29,56,19,-40,12.7,,0
1998-01-29,57,12.9,-38,12.2,,0
1998-01-29,58,11,-37,12.1,,0
1998-01-29,59,10.5,-37,11.8,,0
1998-01-29,60,10,-37,9.8,,0
1998-02-02,1,973,-2,0.4,,0
1998-02-02,2,962,-2,1.7,,0
1998-02-02,3,900,-7,2.0,,0
1998-02-02,4,822,-12,1.9,,0
1998-02-02,5,772,-16,1.8,,0
1998-02-02,6,730,-18,1.8,,0
1998-02-02,7,700,-19,1.4,,0
1998-02-02,8,662,-21,1.5,,0
1998-02-02,9,620,-26,1.4,,0
1998-02-02,10,575,-27,1.5,,0
1998-02-02,11,560,-28,1.7,,0
1998-02-02,12,530,-29,2.2,,0
1998-02-02,13,500,-31,1.8,,0
1998-02-02,14,478,-34,1.3,,0
1998-02-02,15,450,-36,1.0,,0
1998-02-02,16,424,-38,1.1,,0
1998-02-02,17,378,-44,1.0,,0
1998-02-02,18,335,-50,1.4,,0
1998-02-02,19,300,-53,1.0,,0
1998-02-02,20,292,-54,1.1,,0
1998-02-02,21,282,-54,2.7,,0
1998-02-02,22,273,-51,4.5,,0
1998-02-02,23,260,-51,4.9,,0
1998-02-02,24,242,-48,5.3,,0
1998-02-02,25,210,-48,5.4,,0
1998-02-02,26,200,-46,5.4,,0
1998-02-02,27,175,-46,5.1,,0
1998-02-02,28,164,-46,5.1,,0
1998-02-02,29,158,-45,5.3,,0
1998-02-02,30,150,-45,5.3,,0
1998-02-02,31,130,-45,5.8,,0
1998-02-02,32,114,-45,6.8,,0
1998-02-02,33,110,-44,7.1,,0
1998-02-02,34,102,-44,8.3,,0
1998-02-02,35,100,-44,8.2,,0
1998-02-02,36,97.1,-44,8.4,,0
1998-02-02,37,92.4,-44,9.0,,0
1998-02-02,38,88,-43,10.4,,0
1998-02-02,39,82.5,-43,12.0,,0
1998-02-02,40,75.8,-42,13.2,,0
1998-02-02,41,70,-42,13.8,,0
1998-02-02,42,69,-42,14.2,,0
1998-02-02,43,66,-41,14.8,,0
1998-02-02,44,58,-40,15.1,,0
1998-02-02,45,54.3,-40,14.7,,0
1998-02-02,46,50,-40,14.9,,0
1998-02-02,47,46,-40,14.6,,0
1998-02-02,48,42.8,-40,13.8,,0
1998-02-02,49,40,-40,11.9,,0
1998-02-02,50,38.9,-40,11.8,,0
1998-02-02,51,37.2,-38,13.7,,0
1998-02-02,52,35.8,-38,14.7,,0
1998-02-02,53,32,-38,14.2,,0
1998-02-02,54,30,-38,14.0,,0
1998-02-02,55,29,-38,13.6,,0
1998-02-02,56,27.7,-38,13.4,,0
1998-02-02,57,26,-37,13.7,,0
1998-02-02,58,22.8,-38,13.6,,0
1998-02-02,59,20,-38,12.6,,0
1998-02-02,60,16.2,-36,11.4,,0
1998-02-02,61,14.9,-34,11.1,,0
1998-02-02,62,13.4,-34,10.7,,0
1998-02-02,63,12.4,-34,9.8,,0
1998-02-02,64,11.1,-36,9.4,,0
1998-02-02,65,10,-36,9.2,,0
1998-02-02,66,9.2,-35,9.0,,0
1998-02-02,67,8.5,-34,8.4,,0
1998-02-02,68,7,-34,7.7,,0
1998-02-02,69,6.2,-33,7.4,,0
1998-02-15,1,963,-3,1.5,,0
1998-02-15,2,890,-10,1.2,,0
1998-02-15,3,796,-15,0.9,,0
1998-02-15,4,751,-17,0.8,,0
1998-02-15,5,700,-21,0.6,,0
1998-02-15,6,671,-21,0.4,,0
1998-02-15,7,642,-22,0.5,,0
1998-02-15,8,600,-24,0.6,,0
1998-02-15,9,542,-28,0.6,,0
1998-02-15,10,500,-33,0.9,,0
1998-02-15,11,460,-38,0.6,,0
1998-02-15,12,450,-40,0.7,,0
1998-02-15,13,435,-41,0.6,,0
1998-02-15,14,424,-42,0.7,,0
1998-02-15,15,400,-44,0.5,,0
1998-02-15,16,381,-47,0.2,,0
1998-02-15,17,370,-48,0.6,,0
1998-02-15,18,355,-49,0.7,,0
1998-02-15,19,340,-49,1.4,,0
1998-02-15,20,324,-49,2.4,,0
1998-02-15,21,318,-50,2.4,,0
1998-02-15,22,310,-50,3.1,,0
1998-02-15,23,300,-50,3.4,,0
1998-02-15,24,285,-48,4.7,,0
1998-02-15,25,275,-47,4.9,,0
1998-02-15,26,261,-47,4.8,,0
1998-02-15,27,245,-48,4.9,,0
1998-02-15,28,234,-48,4.9,,0
1998-02-15,29,215,-48,4.9,,0
1998-02-15,30,200,-47,5.4,,0
1998-02-15,31,180,-47,5.2,,0
1998-02-15,32,172,-48,5.0,,0
1998-02-15,33,165,-47,5.2,,0
1998-02-15,34,152,-47,5.6,,0
1998-02-15,35,150,-46,5.4,,0
1998-02-15,36,145,-45,5.5,,0
1998-02-15,37,137,-44,5.9,,0
1998-02-15,38,124,-45,6.3,,0
1998-02-15,39,119,-45,6.8,,0
1998-02-15,40,110,-43,8.4,,0
1998-02-15,41,104,-42,8.7,,0
1998-02-15,42,100,-42,8.6,,0
1998-02-15,43,89.4,-43,8.6,,0
1998-02-15,44,81.5,-43,8.6,,0
1998-02-15,45,73.4,-42,9.5,,0
1998-02-15,46,70,-43,10.3,,0
1998-02-15,47,66.4,-42,10.8,,0
1998-02-15,48,59,-41,11.2,,0
1998-02-15,49,53,-41,11.5,,0
1998-02-15,50,50,-40,12.0,,0
1998-02-15,51,43.8,-41,12.2,,0
1998-02-15,52,42,-41,12.0,,0
1998-02-15,53,38.8,-41,12.2,,0
1998-02-15,54,34.9,-42,11.9,,0
1998-02-15,55,30.5,-40,12.3,,0
1998-02-15,56,30,-40,12.2,,0
1998-02-15,57,26.5,-40,12.4,,0
1998-02-15,58,23.5,-41,13.1,,0
1998-02-15,59,21.4,-41,12.9,,0
1998-02-15,60,20,-41,12.8,,0
1998-02-15,61,18.1,-41,12.5,,0
1998-02-15,62,17,-41,11.8,,0
1998-02-15,63,15,-41,11.1,,0
1998-02-15,64,10.9,-41,9.9,,0
1998-02-15,65,10,-41,9.8,,0
1998-02-15,66,7.2,-41,9.7,,0
1998-02-23,1,971,-2,1.2,,0
1998-02-23,2,944,-3,1.0,,0
1998-02-23,3,900,-6,1.2,,0
1998-02-23,4,839,-10,1.1,,0
1998-02-23,5,782,-14,1.3,,0
1998-02-23,6,734,-17,1.5,,0
1998-02-23,7,700,-20,1.2,,0
1998-02-23,8,671,-23,1.2,,0
1998-02-23,9,624,-26,1.1,,0
1998-02-23,10,548,-34,1.3,,0
1998-02-23,11,506,-37,1.0,,0
1998-02-23,12,500,-38,11.1,,0
1998-02-23,13,471,-40,1.8,,0
1998-02-23,14,443,-42,1.4,,0
1998-02-23,15,429,-44,1.5,,0
1998-02-23,16,411,-46,1.8,,0
1998-02-23,17,390,-47,1.5,,0
1998-02-23,18,375,-49,1.6,,0
1998-02-23,19,350,-52,1.3,,0
1998-02-23,20,339,-52,1.9,,0
1998-02-23,21,329,-55,2.6,,0
1998-02-23,22,314,-55,2.6,,0
1998-02-23,23,300,-55,3.6,,0
1998-02-23,24,292,-54,4.3,,0
1998-02-23,25,274,-53,5.9,,0
1998-02-23,26,258,-51,6.3,,0
1998-02-23,27,248,-50,6.6,,0
1998-02-23,28,230,-49,5.8,,0
1998-02-23,29,211,-48,6.4,,0
1998-02-23,30,200,-47,6.2,,0
1998-02-23,31,184,-47,6.1,,0
1998-02-23,32,175,-47,5.8,,0
1998-02-23,33,169,-46,5.6,,0
1998-02-23,34,152,-46,6.0,,0
1998-02-23,35,150,-46,5.7,,0
1998-02-23,36,147,-46,5.8,,0
1998-02-23,37,141,-46,6.4,,0
1998-02-23,38,137,-46,7.2,,0
1998-02-23,39,134,-47,8.0,,0
1998-02-23,40,125,-47,8.2,,0
1998-02-23,41,120,-46,8.6,,0
1998-02-23,42,114,-46,10.1,,0
1998-02-23,43,111,-46,9.3,,0
1998-02-23,44,105,-45,10.1,,0
1998-02-23,45,102,-45,10.2,,0
1998-02-23,46,100,-46,10.7,,0
1998-02-23,47,97.1,-46,11.3,,0
1998-02-23,48,92.2,-46,11.3,,0
1998-02-23,49,89,-46,11.6,,0
1998-02-23,50,84.5,-46,12.4,,0
1998-02-23,51,79.4,-46,12.5,,0
1998-02-23,52,76.8,-45,13.5,,0
1998-02-23,53,75.2,-45,14.1,,0
1998-02-23,54,70,-45,14.3,,0
1998-02-23,55,66.2,-44,14.1,,0
1998-02-23,56,58.6,-44,14.6,,0
1998-02-23,57,55.8,-45,14.2,,0
1998-02-23,58,50,-46,14.2,,0
1998-02-23,59,47,-44,14.1,,0
1998-02-23,60,43,-45,14.4,,0
1998-02-23,61,40.6,-45,14.0,,0
1998-02-23,62,37.5,-44,12.7,,0
1998-02-23,63,34,-45,11.6,,0
1998-02-23,64,32,-44,11.6,,0
1998-02-23,65,30,-44,11.2,,0
1998-02-23,66,29,-43,11.3,,0
1998-02-23,67,27.8,-43,12.2,,0
1998-02-23,68,27,-43,12.3,,0
1998-02-23,69,24.5,-42,14.2,,0
1998-02-23,70,21,-42,14.9,,0
1998-02-23,71,20,-42,15.5,,0
1998-02-23,72,19.4,-42,15.6,,0
1998-02-23,73,17.5,-43,15.3,,0
1998-02-23,74,14.2,-43,13.9,,0
1998-02-23,75,12.2,-43,13.3,,0
1998-02-23,76,11,-43,12.2,,0
1998-02-23,77,10,-44,12.2,,0
1998-02-23,78,9,-43,12.2,,0
1998-02-23,79,7,-42,10.6,,0
1998-02-23,80,6.4,-42,10.4,,0
1998-02-23,81,5,-42,10.3,,0
1998-02-23,82,4.1,-39,10.4,,0
1998-03-18,1,961,-10,0.9,,0
1998-03-18,2,940,-12,1.2,,0
1998-03-18,3,862,-17,1.0,,0
1998-03-18,4,810,-18,0.6,,0
1998-03-18,5,748,-21,0.6,,0
1998-03-18,6,700,-24,0.6,,0
1998-03-18,7,663,-25,0.5,,0
1998-03-18,8,585,-33,0.3,,0
1998-03-18,9,531,-39,0.4,,0
1998-03-18,10,500,-42,0.3,,0
1998-03-18,11,479,-44,0.2,,0
1998-03-18,12,420,-49,0.5,,0
1998-03-18,13,363,-53,1.7,,0
1998-03-18,14,340,-53,2.9,,0
1998-03-18,15,319,-50,4.3,,0
1998-03-18,16,300,-49,4.9,,0
1998-03-18,17,290,-48,5.1,,0
1998-03-18,18,275,-48,5.0,,0
1998-03-18,19,252,-45,4.9,,0
1998-03-18,20,244,-45,5.2,,0
1998-03-18,21,231,-44,5.1,,0
1998-03-18,22,210,-45,4.1,,0
1998-03-18,23,200,-45,4.0,,0
1998-03-18,24,198,-46,4.0,,0
1998-03-18,25,189,-46,4.4,,0
1998-03-18,26,180,-45,5.0,,0
1998-03-18,27,170,-45,5.7,,0
1998-03-18,28,157,-46,6.5,,0
1998-03-18,29,150,-46,7.1,,0
1998-03-18,30,145,-46,7.3,,0
1998-03-18,31,140,-46,7.4,,0
1998-03-18,32,130,-46,7.6,,0
1998-03-18,33,123,-47,7.1,,0
1998-03-18,34,118,-47,7.3,,0
1998-03-18,35,111,-47,6.7,,0
1998-03-18,36,102,-47,8.0,,0
1998-03-18,37,100,-47,8.1,,0
1998-03-18,38,95.8,-47,8.3,,0
1998-03-18,39,90.5,-47,9.1,,0
1998-03-18,40,85.5,-47,9.9,,0
1998-03-18,41,78.2,-46,12.8,,0
1998-03-18,42,72.2,-48,13.7,,0
1998-03-18,43,70,-49,13.8,,0
1998-03-18,44,65,-49,14.1,,0
1998-03-18,45,63,-48,14.5,,0
1998-03-18,46,54.1,-50,14.3,,0
1998-03-18,47,51.8,-50,13.3,,0
1998-03-18,48,50,-50,13.2,,0
1998-03-18,49,47,-49,13.4,,0
1998-03-18,50,44.8,-50,13.6,,0
1998-03-18,51,42.1,-50,13.0,,0
1998-03-18,52,38.5,-51,12.4,,0
1998-03-18,53,35.1,-51,11.6,,0
1998-03-18,54,32,-52,11.9,,0
1998-03-18,55,30,-52,12.1,,0
1998-03-18,56,29,-52,11.9,,0
1998-03-18,57,26.8,-51,11.7,,0
1998-03-18,58,25.2,-52,11.0,,0
1998-03-18,59,23,-52,9.8,,0
1998-03-18,60,21.4,-53,9.1,,0
1998-03-18,61,20,-53,9.2,,0
1998-03-18,62,19,-53,9.0,,0
1998-03-18,63,18.5,-52,8.8,,0
1998-03-23,1,959,-6,2.2,,0
1998-03-23,2,880,-11,1.4,,0
1998-03-23,3,812,-16,1.3,,0
1998-03-23,4,744,-20,0.9,,0
1998-03-23,5,700,-19,0.7,,0
1998-03-23,6,682,-20,0.5,,0
1998-03-23,7,600,-25,0.6,,0
1998-03-23,8,550,-32,0.3,,0
1998-03-23,9,500,-36,0.2,,0
1998-03-23,10,468,-38,0.2,,0
1998-03-23,11,434,-41,0.2,,0
1998-03-23,12,398,-46,0.3,,0
1998-03-23,13,360,-50,0.2,,0
1998-03-23,14,332,-58,0.1,,0
1998-03-23,15,300,-58,0.1,,0
1998-03-23,16,290,-59,0.3,,0
1998-03-23,17,264,-53,2.7,,0
1998-03-23,18,240,-53,3.2,,0
1998-03-23,19,200,-50,3.0,,0
1998-03-23,20,189,-49,3.3,,0
1998-03-23,21,182,-49,2.7,,0
1998-03-23,22,169,-49,3.2,,0
1998-03-23,23,161,-50,3.5,,0
1998-03-23,24,155,-50,3.8,,0
1998-03-23,25,150,-50,4.2,,0
1998-03-23,26,142,-49,4.6,,0
1998-03-23,27,137,-50,4.7,,0
1998-03-23,28,130,-50,5.4,,0
1998-03-23,29,125,-50,6.7,,0
1998-03-23,30,111,-51,6.5,,0
1998-03-23,31,105,-50,6.2,,0
1998-03-23,32,100,-51,6.5,,0
1998-03-23,33,93.4,-51,7.3,,0
1998-03-23,34,91.2,-50,7.8,,0
1998-03-23,35,86,-51,7.2,,0
1998-03-23,36,78,-51,7.8,,0
1998-03-23,37,72.9,-51,8.1,,0
1998-03-23,38,70,-51,8.9,,0
1998-03-23,39,67.5,-51,9.3,,0
1998-03-23,40,64.2,-52,9.7,,0
1998-03-23,41,62,-52,10.4,,0
1998-03-23,42,60,-53,11.2,,0
1998-03-23,43,58.1,-53,11.4,,0
1998-03-23,44,52.2,-53,11.5,,0
1998-03-23,45,50.3,-53,10.7,,0
1998-03-23,46,50,-52,10.6,,0
1998-03-23,47,48,-52,10.8,,0
1998-03-23,48,45.1,-51,11.8,,0
1998-03-23,49,44,-51,11.7,,0
1998-03-23,50,43.2,-52,11.3,,0
1998-03-23,51,40,-53,10.6,,0
1998-03-23,52,36,-53,9.8,,0
1998-03-23,53,34.3,-53,9.1,,0
1998-03-23,54,32.5,-53,9.1,,0
1998-03-23,55,30.8,-52,9.2,,0
1998-03-23,56,30,-53,9.5,,0
1998-03-23,57,28,-53,9.7,,0
1998-03-23,58,27,-52,9.6,,0
1998-03-23,59,26,-53,9.8,,0
1998-03-23,60,22.7,-52,9.1,,0
1998-03-23,61,21,-53,7.9,,0
1998-03-23,62,20,-54,8.2,,0
1998-03-23,63,18.8,-54,7.7,,0
1998-03-23,64,18,-55,7.7,,0
1998-03-23,65,16,-54,6.2,,0
1998-03-23,66,14,-53,5.2,,0
1998-03-23,67,12,-52,5.9,,0
1998-03-23,68,11.5,-51,5.7,,0
1998-03-23,69,10,-51,4.8,,0
1998-03-23,70,9,-51,4.7,,0
1998-04-01,1,957,-15,0.3,,0
1998-04-01,2,940,-16,0.4,,0
1998-04-01,3,880,-18,1.3,,0
1998-04-01,4,853,-20,1.5,,0
1998-04-01,5,820,-23,1.7,,0
1998-04-01,6,735,-26,0.9,,0
1998-04-01,7,712,-25,0.8,,0
1998-04-01,8,700,-26,0.5,,0
1998-04-01,9,620,-32,0.2,,0
1998-04-01,10,603,-34,0.2,,0
1998-04-01,11,565,-35,0.2,,0
1998-04-01,12,515,-38,0.5,,0
1998-04-01,13,500,-39,0.3,,0
1998-04-01,14,453,-43,0.6,,0
1998-04-01,15,402,-49,0.8,,0
1998-04-01,16,327,-56,0.8,,0
1998-04-01,17,300,-54,1.4,,0
1998-04-01,18,284,-53,2.4,,0
1998-04-01,19,240,-50,3.6,,0
1998-04-01,20,221,-50,3.4,,0
1998-04-01,21,212,-50,3.4,,0
1998-04-01,22,200,-49,3.9,,0
1998-04-01,23,178,-49,4.5,,0
1998-04-01,24,150,-49,4.0,,0
1998-04-01,25,140,-50,4.7,,0
1998-04-01,26,130,-50,6.5,,0
1998-04-01,27,115,-50,7.9,,0
1998-04-01,28,108,-50,8.0,,0
1998-04-01,29,100,-50,7.7,,0
1998-04-01,30,91,-50,7.7,,0
1998-04-01,31,88.8,-50,7.6,,0
1998-04-01,32,83.5,-50,9.5,,0
1998-04-01,33,81,-50,9.7,,0
1998-04-01,34,77.8,-50,10.2,,0
1998-04-01,35,71.5,-51,12.8,,0
1998-04-01,36,70,-51,12.8,,0
1998-04-01,37,61.5,-51,12.3,,0
1998-04-01,38,56,-51,13.7,,0
1998-04-01,39,51.2,-52,15.1,,0
1998-04-01,40,50,-52,11.5,,0
1998-04-01,41,45,-52,14.3,,0
1998-04-01,42,42,-53,14.9,,0
1998-04-01,43,31,-54,13.4,,0
1998-04-01,44,30,-53,13.2,,0
1998-04-01,45,26,-51,13.3,,0
1998-04-01,46,22.8,-51,12.6,,0
1998-04-01,47,16.6,-51,11.4,,0
1998-08-05,1,966,-22,1.5,,0
1998-08-05,2,961,-22,1.2,,0
1998-08-05,3,950,-21,1.2,,0
1998-08-05,4,923,-21,0.7,,0
1998-08-05,5,863,-22,0.7,,0
1998-08-05,6,773,-29,1.2,,0
1998-08-05,7,761,-28,1.1,,0
1998-08-05,8,713,-28,0.7,,0
1998-08-05,9,700,-29,0.7,,0
1998-08-05,10,658,-30,1.0,,0
1998-08-05,11,500,-44,0.3,,0
1998-08-05,12,464,-48,0.3,,0
1998-08-05,13,438,-50,0.6,,0
1998-08-05,14,376,-57,0.3,,0
1998-08-05,15,295,-67,0.3,,0
1998-08-05,16,245,-73,0.4,,0
1998-08-05,17,200,-75,1.9,,0
1998-08-05,18,185,-76,3.8,,0
1998-08-05,19,177,-77,3.1,,0
1998-08-05,20,160,-78,5.1,,0
1998-08-05,21,150,-79,5.0,,0
1998-08-05,22,142,-78,4.9,,0
1998-08-05,23,115,-80,9.9,,0
1998-08-05,24,105,-80,10.5,,0
1998-08-05,25,100,-81,12.1,,0
1998-08-05,26,94.8,-81,11.6,,0
1998-08-05,27,86.2,-82,11.7,,0
1998-08-05,28,84.6,-82,13.0,,0
1998-08-05,29,82.3,-82,12.9,,0
1998-08-05,30,71.9,-83,10.4,,0
1998-08-05,31,70,-83,7.6,,0
1998-08-05,32,69.2,-83,7.1,,0
1998-08-05,33,64.3,-86,10.8,,0
1998-08-05,34,61.6,-87,9.2,,0
1998-08-05,35,57,-89,9.8,,0
1998-08-05,36,54.9,-89,8.0,,0
1998-08-05,37,51.8,-90,7.3,,0
1998-08-05,38,50,-90,7.5,,0
1998-08-05,39,49.4,-91,7.5,,0
1998-08-05,40,47,-91,4.9,,0
1998-08-05,41,44.6,-92,3.0,,0
1998-08-05,42,42,-92,2.6,,0
1998-08-05,43,41.5,-92,1.6,,0
1998-08-05,44,39,-91,0.7,,0
1998-08-05,45,30,-88,0.4,,0
1998-08-05,46,25,-92,1.1,,0
1998-08-05,47,23,-91,0.7,,0
1998-08-05,48,20,-90,1.2,,0
1998-08-05,49,18,-90,1.3,,0
1998-08-05,50,13,-89,2.0,,0
1998-08-05,51,12.6,-88,1.1,,0
1998-08-05,52,10.8,-86,2.2,,0
1998-09-23,1,976,-21,1.7,,0
1998-09-23,2,940,-23,2.2,,0
1998-09-23,3,910,-25,2.1,,0
1998-09-23,4,857,-27,1.8,,0
1998-09-23,5,830,-28,1.6,,0
1998-09-23,6,800,-29,1.5,,0
1998-09-23,7,761,-29,1.5,,0
1998-09-23,8,740,-29,1.6,,0
1998-09-23,9,718,-30,1.3,,0
1998-09-23,10,700,-31,1.4,,0
1998-09-23,11,680,-32,1.4,,0
1998-09-23,12,630,-34,1.2,,0
1998-09-23,13,582,-37,1.3,,0
1998-09-23,14,550,-40,1.1,,0
1998-09-23,15,500,-44,1.2,,0
1998-09-23,16,480,-45,1.0,,0
1998-09-23,17,460,-47,0.7,,0
1998-09-23,18,440,-48,0.7,,0
1998-09-23,19,404,-51,1.1,,0
1998-09-23,20,368,-55,0.7,,0
1998-09-23,21,340,-58,0.7,,0
1998-09-23,22,322,-61,0.3,,0
1998-09-23,23,300,-66,0.2,,0
1998-09-23,24,262,-72,0.3,,0
1998-09-23,25,233,-78,0.4,,0
1998-09-23,26,221,-79,0.6,,0
1998-09-23,27,200,-81,0.9,,0
1998-09-23,28,195,-81,1.2,,0
1998-09-23,29,190,-82,2.1,,0
1998-09-23,30,180,-83,3.3,,0
1998-09-23,31,170,-84,3.7,,0
1998-09-23,32,157,-84,3.4,,0
1998-09-23,33,150,-84,3.6,,0
1998-09-23,34,142,-84,3.4,,0
1998-09-23,35,138,-84,3.2,,0
1998-09-23,36,124,-86,4.2,,0
1998-09-23,37,120,-86,4.6,,0
1998-09-23,38,116,-86,4.6,,0
1998-09-23,39,109,-88,4.2,,0
1998-09-23,40,100,-88,3.0,,0
1998-09-23,41,95.1,-88,0.9,,0
1998-09-23,42,90.4,-88,0.2,,0
1998-09-23,43,86.7,-88,0.1,,0
1998-09-23,44,81,-88,0.1,,0
1998-09-23,45,76.2,-88,0.1,,0
1998-09-23,46,70.4,-87,0.3,,0
1998-09-23,47,70,-87,0.3,,0
1998-09-23,48,67,-87,0.8,,0
1998-09-23,49,62.2,-87,1.6,,0
1998-09-23,50,59.8,-87,1.2,,0
1998-09-23,51,57.2,-87,0.4,,0
1998-09-23,52,56.2,-86,0.3,,0
1998-09-23,53,53.8,-86,0.2,,0
1998-09-23,54,50,-85,0.3,,0
1998-09-23,55,46,-85,0.4,,0
1998-09-23,56,35.2,-86,0.3,,0
1998-10-04,1,975,-22,4.8,,0
1998-10-04,2,960,-23,4.7,,0
1998-10-04,3,937,-22,4.1,,0
1998-10-04,4,908,-22,3.2,,0
1998-10-04,5,894,-21,1.9,,0
1998-10-04,6,866,-19,3.3,,0
1998-10-04,7,830,-18,3.3,,0
1998-10-04,8,792,-19,3.6,,0
1998-10-04,9,748,-22,3.9,,0
1998-10-04,10,700,-25,4.0,,0
1998-10-04,11,688,-27,3.9,,0
1998-10-04,12,662,-28,3.3,,0
1998-10-04,13,588,-35,2.7,,0
1998-10-04,14,550,-38,2.8,,0
1998-10-04,15,500,-43,2.3,,0
1998-10-04,16,486,-44,2.1,,0
1998-10-04,17,446,-49,1.9,,0
1998-10-04,18,430,-51,1.6,,0
1998-10-04,19,400,-55,1.7,,0
1998-10-04,20,384,-57,1.7,,0
1998-10-04,21,304,-70,1.3,,0
1998-10-04,22,300,-51,1.4,,0
1998-10-04,23,257,-78,1.5,,0
1998-10-04,24,203,-83,2.6,,0
1998-10-04,25,200,-85,2.8,,0
1998-10-04,26,179,-85,3.9,,0
1998-10-04,27,150,-85,4.8,,0
1998-10-04,28,135,-86,4.9,,0
1998-10-04,29,120,-88,4.5,,0
1998-10-04,30,107,-89,3.8,,0
1998-10-04,31,100,-89,2.5,,0
1998-10-04,32,85,-88,1.1,,0
1998-10-04,33,72.6,-88,0.7,,0
1998-10-04,34,70,-88,0.8,,0
1998-10-04,35,61.3,-89,0.7,,0
1998-10-04,36,52.3,-89,1.3,,0
1998-10-04,37,50,-89,1.2,,0
1998-10-04,38,45,-88,1.1,,0
1998-10-04,39,39,-86,0.8,,0
1998-10-04,40,37.2,-86,0.5,,0
1998-10-11,1,974,-16,0.6,,0
1998-10-11,2,925,-21,0.5,,0
1998-10-11,3,888,-20,0.4,,0
1998-10-11,4,825,-25,0.8,,0
1998-10-11,5,749,-29,0.8,,0
1998-10-11,6,700,-33,0.7,,0
1998-10-11,7,689,-34,0.7,,0
1998-10-11,8,620,-31,0.7,,0
1998-10-11,9,609,-31,0.7,,0
1998-10-11,10,500,-40,0.4,,0
1998-10-11,11,400,-50,0.3,,0
1998-10-11,12,368,-53,0.1,,0
1998-10-11,13,352,-55,0.1,,0
1998-10-11,14,302,-61,0.2,,0
1998-10-11,15,300,-61,0.3,,0
1998-10-11,16,250,-66,0.8,,0
1998-10-11,17,200,-68,1.0,,0
1998-10-11,18,195,-69,2.2,,0
1998-10-11,19,162,-70,2.9,,0
1998-10-11,20,150,-72,2.9,,0
1998-10-11,21,145,-72,2.9,,0
1998-10-11,22,133,-73,2.7,,0
1998-10-11,23,120,-74,1.8,,0
1998-10-11,24,103,-75,0.4,,0
1998-10-11,25,100,-75,0.1,,0
1998-10-11,26,96.5,-75,0.2,,0
1998-10-11,27,72,-74,0.1,,0
1998-10-11,28,70,-74,0.1,,0
1998-10-11,29,50,-74,0.1,,0
1998-10-11,30,41.6,-73,0.2,,0
1998-10-11,31,30,-70,0.2,,0
1998-10-11,32,20,-64,0.2,,0
1998-10-11,33,19.3,-64,0.2,,0
1998-11-18,1,958,10,2.6,,0
1998-11-18,2,880,7,2.4,,0
1998-11-18,3,805,,2.2,,0
1998-11-18,4,740,-6,2.0,,0
1998-11-18,5,700,-10,2.1,,0
1998-11-18,6,681,-12,2.2,,0
1998-11-18,7,637,-15,2.2,,0
1998-11-18,8,592,-19,1.8,,0
1998-11-18,9,524,-26,1.6,,0
1998-11-18,10,500,-29,1.7,,0
1998-11-18,11,452,-35,2.0,,0
1998-11-18,12,412,-40,1.9,,0
1998-11-18,13,365,-48,1.7,,0
1998-11-18,14,322,-53,1.9,,0
1998-11-18,15,300,-56,1.6,,0
1998-11-18,16,290,-58,1.4,,0
1998-11-18,17,259,-62,1.2,,0
1998-11-18,18,235,-63,1.8,,0
1998-11-18,19,225,-63,2.9,,0
1998-11-18,20,210,-64,3.6,,0
1998-11-18,21,200,-65,4.0,,0
1998-11-18,22,190,-65,4.2,,0
1998-11-18,23,160,-66,4.0,,0
1998-11-18,24,148,-65,3.7,,0
1998-11-18,25,134,-66,2.8,,0
1998-11-18,26,126,-66,2.1,,0
1998-11-18,27,111,-64,1.7,,0
1998-11-18,28,103,-64,1.2,,0
1998-11-18,29,100,-63,1.2,,0
1998-11-18,30,93.4,-63,1.4,,0
1998-11-18,31,89.2,-61,1.5,,0
1998-11-18,32,85,-62,1.2,,0
1998-11-18,33,81,-61,1.2,,0
1998-11-18,34,75,-61,1.3,,0
1998-11-18,35,70.6,-60,1.2,,0
1998-11-18,36,65,-58,1.5,,0
1998-11-18,37,58.9,-56,1.9,,0
1998-11-18,38,54,-55,2.8,,0
1998-11-18,39,50,-55,3.3,,0
1998-11-18,40,47.3,-53,3.4,,0
1998-11-18,41,45.4,-50,3.7,,0
1998-11-18,42,39.8,-48,5.8,,0
1998-11-18,43,34.1,-46,7.3,,0
1998-11-18,44,33,-46,7.3,,0
1998-11-18,45,311,-46,7.1,,0
1998-11-18,46,300,-46,6.8,,0
1998-11-18,47,290,-46,6.6,,0
1998-12-30,1,975,3,2.9,,0
1998-12-30,2,930,-2,2.4,,0
1998-12-30,3,831,-10,2.1,,0
1998-12-30,4,752,-17,1.9,,0
1998-12-30,5,732,-18,1.6,,0
1998-12-30,6,700,-21,1.5,,0
1998-12-30,7,642,-21,1.5,,0
1998-12-30,8,547,-27,1.3,,0
1998-12-30,9,500,-30,1.3,,0
1998-12-30,10,400,-40,1.2,,0
1998-12-30,11,363,-45,1.2,,0
1998-12-30,12,345,-48,1.3,,0
1998-12-30,13,300,-52,1.6,,0
1998-12-30,14,283,-53,1.8,,0
1998-12-30,15,255,-51,4.3,,0
1998-12-30,16,236,-50,4.7,,0
1998-12-30,17,217,-49,4.9,,0
1998-12-30,18,200,-48,4.6,,0
1998-12-30,19,180,-47,4.3,,0
1998-12-30,20,171,-47,4.4,,0
1998-12-30,21,153,-47,5.4,,0
1998-12-30,22,150,-46,5.2,,0
1998-12-30,23,136,-46,5.0,,0
1998-12-30,24,126,-45,3.9,,0
1998-12-30,25,121,-44,4.0,,0
1998-12-30,26,113,-43,4.7,,0
1998-12-30,27,110,-42,5.2,,0
1998-12-30,28,108,-40,6.4,,0
1998-12-30,29,100,-40,7.9,,0
1998-12-30,30,94.6,-40,10.4,,0
1998-12-30,31,87.3,-40,11.9,,0
1998-12-30,32,79,-39,13.2,,0
1998-12-30,33,76.3,-39,12.6,,0
1998-12-30,34,73.4,-38,9.6,,0
1998-12-30,35,70,-37,12.7,,0
1998-12-30,36,68.2,-38,11.3,,0
1998-12-30,37,60,-36,13.1,,0
1998-12-30,38,55,-37,13.7,,0
1998-12-30,39,52.7,-37,14.1,,0
1998-12-30,40,51.5,-37,13.9,,0
1998-12-30,41,50,-37,12.2,,0
1998-12-30,42,49,-36,11.2,,0
1998-12-30,43,46.5,-35,12.9,,0
1998-12-30,44,45.2,-34,13.0,,0
1998-12-30,45,43.4,-35,12.6,,0
1998-12-30,46,41.5,-35,11.2,,0
1998-12-30,47,39.9,-35,12.6,,0
1998-12-30,48,37.1,-34,12.7,,0
1998-12-30,49,33.3,-32,13.3,,0
1998-12-30,50,30,-33,12.6,,0
1998-12-30,51,22,-32,10.6,,0
1998-12-30,52,20,-32,9.0,,0
1998-12-30,53,19.6,-32,8.6,,0
1998-12-30,54,18,-30,9.1,,0
1998-12-30,55,17,-30,9.1,,0
1998-12-30,56,10,-29,7.2,,0
1998-12-30,57,6.1,-28,7.5,,0
1998-12-30,58,5.5,-27,7.3,,0
2005-01-03,1,969.9,6.5,0.79,295,1.42952
2005-01-03,2,900,-2.8,0.62,295,1.42952
2005-01-03,3,860,-7.1,0.56,295,1.42952
2005-01-03,4,820,-8.5,0.56,295,1.42952
2005-01-03,5,750,-14.6,0.39,295,1.42952
2005-01-03,6,700,-18.4,0.36,295,1.42952
2005-01-03,7,640,-21.9,0.34,295,1.42952
2005-01-03,8,590,-24.6,0.31,295,1.42952
2005-01-03,9,540,-28.3,0.39,295,1.42952
2005-01-03,10,500,-33,0.42,295,1.42952
2005-01-03,11,450,-38.1,0.28,295,1.42952
2005-01-03,12,420,-41.4,0.67,295,1.42952
2005-01-03,13,380,-46.2,0.83,295,1.42952
2005-01-03,14,340,-51.3,0.83,295,1.42952
2005-01-03,15,300,-55.5,0.94,295,1.42952
2005-01-03,16,275,-54.4,3.28,295,1.42952
2005-01-03,17,250,-53.5,4.16,295,1.42952
2005-01-03,18,220,-50.7,4.12,295,1.42952
2005-01-03,19,200,-48.1,4.14,295,1.42952
2005-01-03,20,170,-45.6,4.87,295,1.42952
2005-01-03,21,150,-44.2,3.82,295,1.42952
2005-01-03,22,130,-43.7,3.49,295,1.42952
2005-01-03,23,120,-42.9,4.84,295,1.42952
2005-01-03,24,110,-42.6,6.33,295,1.42952
2005-01-03,25,100,-42,6.65,295,1.42952
2005-01-03,26,90,-41.4,6.83,295,1.42952
2005-01-03,27,81,-41.1,7.4,295,1.42952
2005-01-03,28,73,-40.8,8.55,295,1.42952
2005-01-03,29,70,-40.6,9.38,295,1.42952
2005-01-03,30,65,-40.4,9.94,295,1.42952
2005-01-03,31,59,-40,11.33,295,1.42952
2005-01-03,32,55.2,-39.3,11.91,295,1.42952
2005-01-03,33,50,-38.8,10.29,295,1.42952
2005-01-03,34,47,-38,9.21,295,1.42952
2005-01-03,35,46,-37.6,10.59,295,1.42952
2005-01-03,36,45,-37.3,12.21,295,1.42952
2005-01-03,37,42.5,-36.7,12.56,295,1.42952
2005-01-03,38,41,-36.4,12.23,295,1.42952
2005-01-03,39,38.5,-36.1,12.44,295,1.42952
2005-01-03,40,37.2,-36,11.64,295,1.42952
2005-01-03,41,34,-34.6,11.76,295,1.42952
2005-01-03,42,32,-34,11.21,295,1.42952
2005-01-03,43,30,-33.3,9.94,295,1.42952
2005-01-03,44,27,-32,9.07,295,1.42952
2005-01-03,45,25,-31.8,7.26,295,1.42952
2005-01-12,1,980.5,-49.3,1.32,254,1.224589
2005-01-12,2,956,-52,1.52,254,1.224589
2005-01-12,3,900,-53.5,1.39,254,1.224589
2005-01-12,4,840,-54.9,1.26,254,1.224589
2005-01-12,5,790,-57.3,1.01,254,1.224589
2005-01-12,6,760,-58.9,0.88,254,1.224589
2005-01-12,7,720,-62.4,0.78,254,1.224589
2005-01-12,8,700,-48.4,0.88,254,1.224589
2005-01-12,9,630,-44.2,1.44,254,1.224589
2005-01-12,10,610,-43.5,1.23,254,1.224589
2005-01-12,11,590,-47,1.56,254,1.224589
2005-01-12,12,530,-51.3,1.76,254,1.224589
2005-01-12,13,500,-52.8,1.81,254,1.224589
2005-01-12,14,470,-54.2,1.93,254,1.224589
2005-01-12,15,440,-58.9,2.18,254,1.224589
2005-01-12,16,410,-60.5,1.25,254,1.224589
2005-01-12,17,392,-62.4,1.35,254,1.224589
2005-01-12,18,377,-64.1,0.87,254,1.224589
2005-01-12,19,360,-66,1.32,254,1.224589
2005-01-12,20,320,-67.9,1.24,254,1.224589
2005-01-12,21,285,-69.8,0.84,254,1.224589
2005-01-12,22,275,-72.1,2.11,254,1.224589
2005-01-12,23,260,-71,3.87,254,1.224589
2005-01-12,24,240,-69.8,5.13,254,1.224589
2005-01-12,25,225,-69,5.32,254,1.224589
2005-01-12,26,200,-67.9,5.36,254,1.224589
2005-01-12,27,180,-67,5.53,254,1.224589
2005-01-12,28,165,-66,4.92,254,1.224589
2005-01-12,29,160,-64.1,5.3,254,1.224589
2005-01-12,30,153,-62.7,6.53,254,1.224589
2005-01-12,31,145,-62.4,6.02,254,1.224589
2005-01-12,32,130,-64.1,7.26,254,1.224589
2005-01-12,33,125,-66,8.6,254,1.224589
2005-01-12,34,120,-66.4,8.47,254,1.224589
2005-01-12,35,108,-66.6,10.06,254,1.224589
2005-01-12,36,100,-66.2,11.61,254,1.224589
2005-01-12,37,95.4,-65,10.77,254,1.224589
2005-01-12,38,88,-64.3,11.8,254,1.224589
2005-01-12,39,84,-64.1,12.9,254,1.224589
2005-01-12,40,80,-60.5,13.14,254,1.224589
2005-01-12,41,75.5,-60.5,13.03,254,1.224589
2005-01-12,42,70,-57.5,13.98,254,1.224589
2005-01-12,43,68,-56.2,14.35,254,1.224589
2005-01-12,44,62,-54.6,13.86,254,1.224589
2005-01-12,45,58,-53.2,13.44,254,1.224589
2005-01-12,46,55,-51.3,11.81,254,1.224589
2005-01-12,47,50,-50,9.64,254,1.224589
2005-01-12,48,48,-48.8,8.65,254,1.224589
2005-01-12,49,44,-47.7,8.17,254,1.224589
2005-01-12,50,38.5,-47,8.05,254,1.224589
2005-01-12,51,34.4,-45.6,7.46,254,1.224589
2005-01-12,52,30,-44.4,6.71,254,1.224589
2005-01-12,53,27,-44.2,5.99,254,1.224589
2005-01-12,54,25,-42,6.07,254,1.224589
2005-01-12,55,22.5,-41.4,5.04,254,1.224589
2005-01-12,56,20,-40,3.76,254,1.224589
2005-01-12,57,19,-38.7,3,254,1.224589
2005-02-22,1,969.2,-13.9,1.81,262,0.9460933
2005-02-22,2,910,-19.9,1.55,262,0.9460933
2005-02-22,3,860,-22.9,1.69,262,0.9460933
2005-02-22,4,820,-26,1.52,262,0.9460933
2005-02-22,5,770,-29.1,1.75,262,0.9460933
2005-02-22,6,700,-32.1,1.45,262,0.9460933
2005-02-22,7,650,-36.1,1.45,262,0.9460933
2005-02-22,8,600,-39.8,1.39,262,0.9460933
2005-02-22,9,550,-43.8,1.28,262,0.9460933
2005-02-22,10,500,-45.9,0.96,262,0.9460933
2005-02-22,11,450,-51.2,1.36,262,0.9460933
2005-02-22,12,400,-56.6,0.92,262,0.9460933
2005-02-22,13,380,-58.9,1.15,262,0.9460933
2005-02-22,14,350,-62.4,0.86,262,0.9460933
2005-02-22,15,320,-65.3,1.89,262,0.9460933
2005-02-22,16,300,-62.8,3.9,262,0.9460933
2005-02-22,17,280,-60.8,5.98,262,0.9460933
2005-02-22,18,250,-58.6,6.71,262,0.9460933
2005-02-22,19,230,-58.6,6.02,262,0.9460933
2005-02-22,20,210,-58.5,5.02,262,0.9460933
2005-02-22,21,200,-58.5,5.44,262,0.9460933
2005-02-22,22,180,-58.4,7.14,262,0.9460933
2005-02-22,23,160,-58.4,8.82,262,0.9460933
2005-02-22,24,135,-58.4,9.44,262,0.9460933
2005-02-22,25,120,-58.3,9.63,262,0.9460933
2005-02-22,26,115,-58,10.17,262,0.9460933
2005-02-22,27,100,-57.6,11.88,262,0.9460933
2005-02-22,28,95,-57.5,13.67,262,0.9460933
2005-02-22,29,85,-57.4,15.3,262,0.9460933
2005-02-22,30,75,-57,16.13,262,0.9460933
2005-02-22,31,70,-56.8,16.15,262,0.9460933
2005-02-22,32,62.4,-56.6,15.72,262,0.9460933
2005-02-22,33,57,-56.3,16.85,262,0.9460933
2005-02-22,34,54,-56.2,15.43,262,0.9460933
2005-02-22,35,50,-56.1,13.26,262,0.9460933
2005-02-22,36,45,-55.6,12.73,262,0.9460933
2005-02-22,37,40,-54.9,10.75,262,0.9460933
2005-02-22,38,36,-53.8,9.89,262,0.9460933
2005-02-22,39,33,-53.4,9.81,262,0.9460933
2005-02-22,40,30,-52.8,9.77,262,0.9460933
2005-02-22,41,27.5,-52.2,8.36,262,0.9460933
2005-02-22,42,25,-51.2,6.8,262,0.9460933
2005-02-22,43,22.5,-50.5,6.22,262,0.9460933
2005-02-22,44,20,-48.9,5.76,262,0.9460933
2005-02-22,45,18,-48,5.3,262,0.9460933
2005-03-01,1,970.9,10.5,1.3,271,1.459008
2005-03-01,2,913,1.8,1.71,271,1.459008
2005-03-01,3,850,-3.5,1.55,271,1.459008
2005-03-01,4,794,-8.2,1.27,271,1.459008
2005-03-01,5,730,-13.9,0.91,271,1.459008
2005-03-01,6,700,-15.4,0.74,271,1.459008
2005-03-01,7,660,-17.6,0.8,271,1.459008
2005-03-01,8,600,-18.3,0.88,271,1.459008
2005-03-01,9,550,-19.9,1.02,271,1.459008
2005-03-01,10,500,-22.8,1.04,271,1.459008
2005-03-01,11,442,-28.6,1.15,271,1.459008
2005-03-01,12,390,-35,1.17,271,1.459008
2005-03-01,13,310,-40.6,3.61,271,1.459008
2005-03-01,14,300,-39.1,4.7,271,1.459008
2005-03-01,15,264,-36.7,5.42,271,1.459008
2005-03-01,16,230,-35.5,5.79,271,1.459008
2005-03-01,17,200,-34.6,6.05,271,1.459008
2005-03-01,18,175,-34.1,6.54,271,1.459008
2005-03-01,19,150,-33.1,7.13,271,1.459008
2005-03-01,20,127,-33,8.17,271,1.459008
2005-03-01,21,120,-32.8,9.18,271,1.459008
2005-03-01,22,110,-32.7,10.11,271,1.459008
2005-03-01,23,100,-32.4,10.45,271,1.459008
2005-03-01,24,95,-31.5,11.68,271,1.459008
2005-03-01,25,88,-31.2,12.73,271,1.459008
2005-03-01,26,83,-30.6,12.99,271,1.459008
2005-03-01,27,77.5,-30.3,13.4,271,1.459008
2005-03-01,28,70,-30,12.23,271,1.459008
2005-03-01,29,65,-29.9,10.36,271,1.459008
2005-03-01,30,61,-29.6,9.24,271,1.459008
2005-03-01,31,54,-29,8.79,271,1.459008
2005-03-01,32,52,-28.3,7.61,271,1.459008
2005-03-01,33,50,-27.2,6.08,271,1.459008
2005-03-01,34,45,-26.4,4.71,271,1.459008
2005-03-01,35,41,-25.7,4.17,271,1.459008
2005-03-01,36,37,-24.3,5.27,271,1.459008
2005-03-01,37,35.4,-23.1,6.67,271,1.459008
2005-03-01,38,33,-23.3,5.85,271,1.459008
2005-03-01,39,30,-18.9,4.68,271,1.459008
2005-03-01,40,29,-16.9,4.39,271,1.459008
2005-03-01,41,28,-14.2,3.72,271,1.459008
2005-03-15,1,948.7,-7.7,5.13,270,0.8518825
2005-03-15,2,934,-8.8,2.26,270,0.8518825
2005-03-15,3,850,-14.5,2.26,270,0.8518825
2005-03-15,4,760,-20.7,1.98,270,0.8518825
2005-03-15,5,700,-23,1.7,270,0.8518825
2005-03-15,6,610,-31.3,1.44,270,0.8518825
2005-03-15,7,540,-36.8,1.41,270,0.8518825
2005-03-15,8,500,-39.3,1.41,270,0.8518825
2005-03-15,9,450,-44,1.35,270,0.8518825
2005-03-15,10,400,-49.9,1.21,270,0.8518825
2005-03-15,11,360,-54.6,0.99,270,0.8518825
2005-03-15,12,325,-56,2.5,270,0.8518825
2005-03-15,13,312,-54.6,4.77,270,0.8518825
2005-03-15,14,300,-53.4,5.26,270,0.8518825
2005-03-15,15,270,-48.9,5.82,270,0.8518825
2005-03-15,16,250,-47.5,6.36,270,0.8518825
2005-03-15,17,220,-47.4,7.17,270,0.8518825
2005-03-15,18,200,-47.7,7.02,270,0.8518825
2005-03-15,19,180,-47.8,8.39,270,0.8518825
2005-03-15,20,170,-48.2,9.83,270,0.8518825
2005-03-15,21,160,-48.5,12.73,270,0.8518825
2005-03-15,22,150,-48.8,14.01,270,0.8518825
2005-03-15,23,135,-48.6,15.94,270,0.8518825
2005-03-15,24,123,-48.2,17.66,270,0.8518825
2005-03-15,25,113,-48.1,18.46,270,0.8518825
2005-03-15,26,100,-48.1,19.69,270,0.8518825
2005-03-15,27,90,-47.9,19.93,270,0.8518825
2005-03-15,28,80,-47.8,19.41,270,0.8518825
2005-03-15,29,72.5,-47.8,19.16,270,0.8518825
2005-03-15,30,70,-48.2,19.06,270,0.8518825
2005-03-15,31,66,-48.2,19.57,270,0.8518825
2005-03-15,32,62.6,-48.8,19.15,270,0.8518825
2005-03-15,33,57,-49,17.92,270,0.8518825
2005-03-15,34,55,-49.2,16.61,270,0.8518825
2005-03-15,35,52,-49.6,15.06,270,0.8518825
2005-03-15,36,50,-49.9,14.8,270,0.8518825
2005-03-15,37,47,-50,14.04,270,0.8518825
2005-03-15,38,42.5,-49.7,13.69,270,0.8518825
2005-03-15,39,38,-49.6,12.06,270,0.8518825
2005-03-15,40,33,-49.4,10.2,270,0.8518825
2005-03-15,41,30,-50.3,8.56,270,0.8518825
2005-03-15,42,28,-48.9,7.3,270,0.8518825
2005-03-15,43,27,-48.9,4.79,270,0.8518825
2005-03-15,44,25,-48.9,3.64,270,0.8518825
2005-03-15,45,23,-48.8,5.12,270,0.8518825
2005-05-09,1,970.1,-45.9,2.72,241,0.8135755
2005-05-09,2,850,-51,2.44,241,0.8135755
2005-05-09,3,812,-53.6,2.69,241,0.8135755
2005-05-09,4,744,-56.3,2.81,241,0.8135755
2005-05-09,5,700,-58.5,2.67,241,0.8135755
2005-05-09,6,640,-62.4,2.62,241,0.8135755
2005-05-09,7,580,-67.3,2.64,241,0.8135755
2005-05-09,8,540,-71,2.7,241,0.8135755
2005-05-09,9,500,-74.2,2.93,241,0.8135755
2005-05-09,10,450,-77.1,3.09,241,0.8135755
2005-05-09,11,410,-79.8,3.08,241,0.8135755
2005-05-09,12,370,-81.3,3.31,241,0.8135755
2005-05-09,13,325,-82.7,4.44,241,0.8135755
2005-05-09,14,310,-83,3.64,241,0.8135755
2005-05-09,15,300,-83,3.98,241,0.8135755
2005-05-09,16,270,-83.3,4.95,241,0.8135755
2005-05-09,17,230,-83.9,5.55,241,0.8135755
2005-05-09,18,220,-84.2,6.03,241,0.8135755
2005-05-09,19,200,-84.5,5.22,241,0.8135755
2005-05-09,20,190,-84.5,6.91,241,0.8135755
2005-05-09,21,175,-84.8,8.14,241,0.8135755
2005-05-09,22,150,-85.9,8.62,241,0.8135755
2005-05-09,23,135,-86.9,9.92,241,0.8135755
2005-05-09,24,130,-87.2,13.84,241,0.8135755
2005-05-09,25,125,-88.2,16.08,241,0.8135755
2005-05-09,26,100,-89.1,15.34,241,0.8135755
2005-05-09,27,88,-90.7,14.01,241,0.8135755
2005-05-09,28,80,-92,13.96,241,0.8135755
2005-05-09,29,70,-92.5,13.33,241,0.8135755
2005-05-09,30,63,-90.4,14.46,241,0.8135755
2005-05-09,31,53,-88.3,15.61,241,0.8135755
2005-05-09,32,50,-87.8,15,241,0.8135755
2005-05-09,33,45.5,-87.5,13.03,241,0.8135755
2005-05-14,1,964.4,-20.4,2.67,237,-500
2005-05-14,2,940,-21.5,2.44,237,-500
2005-05-14,3,894,-22.3,2.15,237,-500
2005-05-14,4,832,-26.3,2.09,237,-500
2005-05-14,5,775,-26.9,1.8,237,-500
2005-05-14,6,700,-31,1.71,237,-500
2005-05-14,7,640,-36.1,1.21,237,-500
2005-05-14,8,550,-46.7,0.92,237,-500
2005-05-14,9,500,-52.5,0.81,237,-500
2005-05-14,10,442,-57.1,0.6,237,-500
2005-05-14,11,400,-61.4,0.52,237,-500
2005-05-14,12,370,-63.5,0.63,237,-500
2005-05-14,13,335,-66.6,1.66,237,-500
2005-05-14,14,300,-64.9,3.62,237,-500
2005-05-14,15,275,-63.5,3.93,237,-500
2005-05-14,16,250,-64.7,4.04,237,-500
2005-05-14,17,230,-63.5,4.35,237,-500
2005-05-14,18,215,-63.8,6.07,237,-500
2005-05-14,19,200,-64.5,7.32,237,-500
2005-05-14,20,190,-64.9,6.62,237,-500
2005-05-14,21,183,-65.6,6.21,237,-500
2005-05-14,22,176,-66.3,7.01,237,-500
2005-05-14,23,170,-67.2,9.19,237,-500
2005-05-14,24,162,-67.2,9.85,237,-500
2005-05-14,25,153,-67.7,9.26,237,-500
2005-05-14,26,142,-69,7.6,237,-500
2005-05-14,27,139,-69.4,9.14,237,-500
2005-05-14,28,124,-70.3,10.48,237,-500
2005-05-14,29,118,-70.9,9.42,237,-500
2005-05-14,30,109,-71.3,9.7,237,-500
2005-05-14,31,105,-71.3,11.88,237,-500
2005-05-14,32,100,-72.3,13.8,237,-500
2005-05-14,33,95,-72.9,16.11,237,-500
2005-05-14,34,90,-73.1,17.12,237,-500
2005-05-14,35,85.2,-73.1,16.53,237,-500
2005-05-14,36,81.2,-73.5,16.27,237,-500
2005-05-14,37,75.3,-74.8,16.82,237,-500
2005-05-14,38,70,-76.3,15.34,237,-500
2005-05-14,39,65.4,-77.5,14.59,237,-500
2005-05-14,40,59,-78.6,13.2,237,-500
2005-05-31,1,970.9,-25.5,2.59,239,1.072081
2005-05-31,2,930,-29.3,2.51,239,1.072081
2005-05-31,3,890,-29.9,2.77,239,1.072081
2005-05-31,4,830,-33.5,3.12,239,1.072081
2005-05-31,5,770,-35.4,3.18,239,1.072081
2005-05-31,6,750,-34,3.12,239,1.072081
2005-05-31,7,700,-36.3,2.53,239,1.072081
2005-05-31,8,650,-39.4,1.94,239,1.072081
2005-05-31,9,600,-43.1,1.9,239,1.072081
2005-05-31,10,550,-46.5,1.64,239,1.072081
2005-05-31,11,500,-47.3,1.93,239,1.072081
2005-05-31,12,450,-49.3,1.99,239,1.072081
2005-05-31,13,420,-50.8,2.01,239,1.072081
2005-05-31,14,400,-52.1,2.22,239,1.072081
2005-05-31,15,350,-55.4,3.22,239,1.072081
2005-05-31,16,325,-57.3,3.68,239,1.072081
2005-05-31,17,300,-58.1,3.96,239,1.072081
2005-05-31,18,280,-58.4,4.83,239,1.072081
2005-05-31,19,280,-58.4,4.83,239,1.072081
2005-05-31,20,265,-58.7,4.97,239,1.072081
2005-05-31,21,245,-60,5.42,239,1.072081
2005-05-31,22,175,-64,6.23,239,1.072081
2005-05-31,23,159,-65.2,6.26,239,1.072081
2005-05-31,24,150,-66.5,7.26,239,1.072081
2005-05-31,25,140,-67.6,7.91,239,1.072081
2005-05-31,26,135,-68.2,9.62,239,1.072081
2005-05-31,27,130,-68.8,11.66,239,1.072081
2005-05-31,28,120,-69.4,13.27,239,1.072081
2005-05-31,29,112,-70,13.93,239,1.072081
2005-05-31,30,100,-71.6,13.84,239,1.072081
2005-05-31,31,94,-73.3,14.26,239,1.072081
2005-05-31,32,89.8,-73.8,14.51,239,1.072081
2005-05-31,33,85,-74.6,13.68,239,1.072081
2005-05-31,34,80,-75.6,12.65,239,1.072081
2005-05-31,35,75,-73.1,11.77,239,1.072081
2005-05-31,36,70,-71.6,10.63,239,1.072081
2005-05-31,37,64,-69,9.93,239,1.072081
2005-05-31,38,55,-65,9.6,239,1.072081
2005-05-31,39,51,-63.4,8.93,239,1.072081
2005-06-03,1,964.3,-19.2,4.71,246,0.7771542
2005-06-03,2,940,-13.4,5.68,246,0.7771542
2005-06-03,3,880,-13.8,5.85,246,0.7771542
2005-06-03,4,850,-15.3,5.81,246,0.7771542
2005-06-03,5,780,-18.2,5.61,246,0.7771542
2005-06-03,6,751,-20.7,5.55,246,0.7771542
2005-06-03,7,700,-21.2,5.6,246,0.7771542
2005-06-03,8,650,-23.4,5.4,246,0.7771542
2005-06-03,9,600,-27.3,5.25,246,0.7771542
2005-06-03,10,550,-47,4.99,246,0.7771542
2005-06-03,11,500,-37.8,4.95,246,0.7771542
2005-06-03,12,460,-41.5,4.78,246,0.7771542
2005-06-03,13,400,-47.8,4.66,246,0.7771542
2005-06-03,14,345,-55.4,4.36,246,0.7771542
2005-06-03,15,300,-61.7,4.62,246,0.7771542
2005-06-03,16,278,-64.6,4.56,246,0.7771542
2005-06-03,17,250,-65.5,6.12,246,0.7771542
2005-06-03,18,230,-66.1,8.04,246,0.7771542
2005-06-03,19,200,-66.5,8.94,246,0.7771542
2005-06-03,20,180,-67.5,10.06,246,0.7771542
2005-06-03,21,170,-67.7,10.94,246,0.7771542
2005-06-03,22,160,-68.1,12.62,246,0.7771542
2005-06-03,23,150,-68.5,14.23,246,0.7771542
2005-06-03,24,140,-69.3,15.71,246,0.7771542
2005-06-03,25,130,-69.7,16.4,246,0.7771542
2005-06-03,26,125,-70.3,16.59,246,0.7771542
2005-06-03,27,110,-70.8,16.91,246,0.7771542
2005-06-03,28,100,-71.4,17.93,246,0.7771542
2005-06-03,29,90,-72.9,17.27,246,0.7771542
2005-06-03,30,77,-74.3,17.21,246,0.7771542
2005-10-02,1,964.6,-17.7,2.76,135,1.452788
2005-10-02,2,948,-19,3.18,135,1.452788
2005-10-02,3,900,-22.2,3.41,135,1.452788
2005-10-02,4,830,-26.7,2.94,135,1.452788
2005-10-02,5,760,-30.9,2.61,135,1.452788
2005-10-02,6,700,-34.4,2.32,135,1.452788
2005-10-02,7,639,-38,2.17,135,1.452788
2005-10-02,8,570,-43.1,1.99,135,1.452788
2005-10-02,9,500,-49.8,1.57,135,1.452788
2005-10-02,10,450,-55,1.43,135,1.452788
2005-10-02,11,400,-59.9,1.42,135,1.452788
2005-10-02,12,350,-64.7,1.45,135,1.452788
2005-10-02,13,300,-68.7,1.67,135,1.452788
2005-10-02,14,280,-70.7,2.08,135,1.452788
2005-10-02,15,250,-72.3,2.91,135,1.452788
2005-10-02,16,225,-73.3,3.77,135,1.452788
2005-10-02,17,200,-75,4.42,135,1.452788
2005-10-02,18,182,-76.5,4.77,135,1.452788
2005-10-02,19,172,-77.9,5.04,135,1.452788
2005-10-02,20,160,-78.8,4.71,135,1.452788
2005-10-02,21,150,-79.3,4.16,135,1.452788
2005-10-02,22,130.5,-80.2,3.65,135,1.452788
2005-10-02,23,125,-80.9,2.26,135,1.452788
2005-10-02,24,115,-81.1,0.65,135,1.452788
2005-10-02,25,100,-82,0.34,135,1.452788
2005-10-02,26,88,-82.5,0.23,135,1.452788
2005-10-02,27,80,-83.3,0.49,135,1.452788
2005-10-02,28,70,-82.8,0.37,135,1.452788
2005-10-02,29,60,-82,0.43,135,1.452788
2005-10-02,30,55,-81.8,0.4,135,1.452788
2005-10-02,31,50,-80.6,0.23,135,1.452788
2005-10-02,32,45,-79.7,0.29,135,1.452788
2005-10-02,33,40,-77.3,0.78,135,1.452788
2005-10-02,34,37,-76.5,1.16,135,1.452788
2005-10-02,35,34.8,-75.8,1.37,135,1.452788
2005-10-02,36,33,-73.3,1.69,135,1.452788
2005-10-02,37,31.5,-70.7,3.23,135,1.452788
2005-10-02,38,30,-68.7,4.92,135,1.452788
2005-10-02,39,29,-67.7,5.17,135,1.452788
2005-10-02,40,25.5,-65.7,4.39,135,1.452788
2005-10-02,41,22,-62.1,3.6,135,1.452788
2005-10-02,42,20,-59.3,3.56,135,1.452788
2005-10-02,43,15.8,-51.2,2.74,135,1.452788
2005-10-29,1,961.7,2.7,2.78,247,0.8266796
2005-10-29,2,914,-2,3.32,247,0.8266796
2005-10-29,3,900,-3.7,3.05,247,0.8266796
2005-10-29,4,850,-6.4,3.2,247,0.8266796
2005-10-29,5,775,-10.4,3.67,247,0.8266796
2005-10-29,6,720,-14.4,3.7,247,0.8266796
2005-10-29,7,700,-15.7,4.48,247,0.8266796
2005-10-29,8,650,-19.1,4.78,247,0.8266796
2005-10-29,9,603,-22.8,4.17,247,0.8266796
2005-10-29,10,570,-26.2,3.24,247,0.8266796
2005-10-29,11,500,-32,2.93,247,0.8266796
2005-10-29,12,450,-38,3.08,247,0.8266796
2005-10-29,13,395,-43.4,3.97,247,0.8266796
2005-10-29,14,360,-48.6,4.43,247,0.8266796
2005-10-29,15,300,-53.8,4.83,247,0.8266796
2005-10-29,16,275,-57.1,5,247,0.8266796
2005-10-29,17,250,-57.1,5.26,247,0.8266796
2005-10-29,18,225,-57.1,6.08,247,0.8266796
2005-10-29,19,200,-57.3,6.75,247,0.8266796
2005-10-29,20,165,-57.5,6.48,247,0.8266796
2005-10-29,21,150,-57.9,5.17,247,0.8266796
2005-10-29,22,140,-58.3,3.83,247,0.8266796
2005-10-29,23,130,-58.6,2.41,247,0.8266796
2005-10-29,24,110,-58.8,1.1,247,0.8266796
2005-10-29,25,100,-57.5,0.87,247,0.8266796
2005-10-29,26,90,-57,0.79,247,0.8266796
2005-10-29,27,80,-54.1,0.94,247,0.8266796
2005-10-29,28,70,-51.4,1.12,247,0.8266796
2005-10-29,29,57,-47.9,1.71,247,0.8266796
2005-10-29,30,50,-42.5,2.61,247,0.8266796
2005-10-29,31,42,-38.1,4.05,247,0.8266796
2005-10-29,32,38,-35.1,5.48,247,0.8266796
2005-10-29,33,34.5,-32,7.46,247,0.8266796
2005-10-29,34,31,-27.8,9.14,247,0.8266796
2005-10-29,35,28.5,-22.2,11.32,247,0.8266796
2005-10-29,36,25,-17.6,12.46,247,0.8266796
2005-10-29,37,22,-13.5,11.85,247,0.8266796
2005-10-29,38,20,-13.4,11.39,247,0.8266796
2005-10-29,39,16,-7,11.27,247,0.8266796
2005-10-29,40,13,0.7,11.17,247,0.8266796
2005-10-29,41,10,3,9.64,247,0.8266796
2005-10-29,42,6.3,7,9.26,247,0.8266796
2005-11-12,1,962.2,-19,3.31,211,1.261966
2005-11-12,2,943,-20.1,4.57,211,1.261966
2005-11-12,3,900,-23.5,3.91,211,1.261966
2005-11-12,4,855,-26.3,3.04,211,1.261966
2005-11-12,5,815,-29.1,3.53,211,1.261966
2005-11-12,6,786,-30.4,3.09,211,1.261966
2005-11-12,7,757,-32.3,4.02,211,1.261966
2005-11-12,8,700,-35.5,3.71,211,1.261966
2005-11-12,9,670,-36.8,3.57,211,1.261966
2005-11-12,10,610,-40.4,5.23,211,1.261966
2005-11-12,11,533,-43.2,6.74,211,1.261966
2005-11-12,12,500,-44.5,4.84,211,1.261966
2005-11-12,13,450,-49.3,2.74,211,1.261966
2005-11-12,14,400,-54.9,1.9,211,1.261966
2005-11-12,15,350,-60.7,1.35,211,1.261966
2005-11-12,16,300,-65.7,2.15,211,1.261966
2005-11-12,17,270,-66,4.32,211,1.261966
2005-11-12,18,240,-67.3,5.73,211,1.261966
2005-11-12,19,215,-67.4,6.47,211,1.261966
2005-11-12,20,200,-67.6,6.2,211,1.261966
2005-11-12,21,180,-68.5,5.64,211,1.261966
2005-11-12,22,170,-69,4.14,211,1.261966
2005-11-12,23,150,-69.2,3.53,211,1.261966
2005-11-12,24,130,-69.3,2.93,211,1.261966
2005-11-12,25,110,-69.3,1.58,211,1.261966
2005-11-12,26,100,-68.2,1.45,211,1.261966
2005-11-12,27,85,-66,1.7,211,1.261966
2005-11-12,28,75,-61.7,2.39,211,1.261966
2005-11-12,29,70,-57.5,3.73,211,1.261966
2005-11-12,30,63,-52.4,4.67,211,1.261966
2005-11-12,31,58,-47.3,6.42,211,1.261966
2005-11-12,32,53.8,-43.2,7.88,211,1.261966
2005-11-12,33,50,-40.4,7.61,211,1.261966
2005-11-12,34,45,-36.8,7.09,211,1.261966
2005-11-12,35,40.5,-34,6.19,211,1.261966
2005-11-12,36,35,-28.8,6.14,211,1.261966
2005-11-12,37,30,-23.5,6.02,211,1.261966
2005-11-12,38,24.8,-19.4,5.7,211,1.261966
2005-11-12,39,22,-17.8,5.65,211,1.261966
2005-11-12,40,20,-16.3,5.63,211,1.261966
2005-11-12,41,17,-14.8,4.54,211,1.261966
2005-11-12,42,14.8,-13.2,3.45,211,1.261966
2005-11-12,43,13.2,-15.7,2.74,211,1.261966
2005-11-23,1,979.3,-6.3,4.08,259,0.9339605
2005-11-23,2,900,-13.2,3.73,259,0.9339605
2005-11-23,3,870,-15.8,3.9,259,0.9339605
2005-11-23,4,824,-16.3,3.87,259,0.9339605
2005-11-23,5,780,-20,3.8,259,0.9339605
2005-11-23,6,740,-22.1,3.3,259,0.9339605
2005-11-23,7,700,-23.2,3.3,259,0.9339605
2005-11-23,8,660,-24.6,3.23,259,0.9339605
2005-11-23,9,622,-27.2,3.05,259,0.9339605
2005-11-23,10,590,-29.6,3.44,259,0.9339605
2005-11-23,11,546,-32.9,2.56,259,0.9339605
2005-11-23,12,500,-37.2,2.56,259,0.9339605
2005-11-23,13,480.6,-39.4,2.53,259,0.9339605
2005-11-23,14,450,-42.6,1.8,259,0.9339605
2005-11-23,15,400,-48.5,2.26,259,0.9339605
2005-11-23,16,360,-53.1,1.81,259,0.9339605
2005-11-23,17,300,-61.1,1.54,259,0.9339605
2005-11-23,18,262,-65.3,2.21,259,0.9339605
2005-11-23,19,235,-65,3.72,259,0.9339605
2005-11-23,20,200,-64,5.56,259,0.9339605
2005-11-23,21,180,-63.8,5.72,259,0.9339605
2005-11-23,22,150,-63.3,4.63,259,0.9339605
2005-11-23,23,140,-62.9,4.25,259,0.9339605
2005-11-23,24,120,-62.4,2.24,259,0.9339605
2005-11-23,25,110,-61.1,2.2,259,0.9339605
2005-11-23,26,102,-60.3,2.12,259,0.9339605
2005-11-23,27,100,-59.5,2.01,259,0.9339605
2005-11-23,28,96,-58.9,1.88,259,0.9339605
2005-11-23,29,90,-56.8,1.76,259,0.9339605
2005-11-23,30,85,-55.6,1.57,259,0.9339605
2005-11-23,31,80,-54.6,2.38,259,0.9339605
2005-11-23,32,73,-52.4,2.62,259,0.9339605
2005-11-23,33,70,-50.8,2.98,259,0.9339605
2005-11-23,34,65.7,-49.1,3.42,259,0.9339605
2005-11-23,35,58,-44.9,5.61,259,0.9339605
2005-11-23,36,56,-43.4,7.22,259,0.9339605
2005-11-23,37,53,-42,8.58,259,0.9339605
2005-11-23,38,50,-39.6,8.69,259,0.9339605
2005-11-23,39,46,-39.1,10.33,259,0.9339605
2005-11-23,40,42,-36,12.05,259,0.9339605
2005-11-23,41,38.5,-32.5,12.58,259,0.9339605
2005-11-23,42,36,-29.9,15.42,259,0.9339605
2005-11-23,43,34,-29.6,16.35,259,0.9339605
2005-11-23,44,30,-28.7,15.89,259,0.9339605
2005-11-23,45,24.4,-28.4,14.22,259,0.9339605
2005-11-23,46,20,-28.5,13.31,259,0.9339605
2005-11-23,47,18.7,-28.3,12.17,259,0.9339605
2005-11-28,1,959.9,-24.5,3.34,285,0.7889178
2005-11-28,2,900,-27.9,3.6,285,0.7889178
2005-11-28,3,850,-31.2,3.09,285,0.7889178
2005-11-28,4,820,-34,3.09,285,0.7889178
2005-11-28,5,780,-36.9,2.58,285,0.7889178
2005-11-28,6,740,-39.4,2.58,285,0.7889178
2005-11-28,7,700,-42.6,2.83,285,0.7889178
2005-11-28,8,675,-44.3,2.83,285,0.7889178
2005-11-28,9,610,-46.7,2.64,285,0.7889178
2005-11-28,10,550,-51.1,2.69,285,0.7889178
2005-11-28,11,500,-54.8,2.56,285,0.7889178
2005-11-28,12,440,-59.1,3.24,285,0.7889178
2005-11-28,13,370,-64.7,3.65,285,0.7889178
2005-11-28,14,300,-68.2,4.9,285,0.7889178
2005-11-28,15,265,-69.4,6.8,285,0.7889178
2005-11-28,16,230,-70.6,7.53,285,0.7889178
2005-11-28,17,210,-71.1,7.6,285,0.7889178
2005-11-28,18,200,-71.1,7.47,285,0.7889178
2005-11-28,19,180,-71.1,6.98,285,0.7889178
2005-11-28,20,165,-71.3,5.7,285,0.7889178
2005-11-28,21,150,-71.4,4.39,285,0.7889178
2005-11-28,22,130,-71.3,3.27,285,0.7889178
2005-11-28,23,120,-71.1,2.88,285,0.7889178
2005-11-28,24,108,-69.8,2.49,285,0.7889178
2005-11-28,25,100,-68.5,2.78,285,0.7889178
2005-11-28,26,95,-67.5,3.91,285,0.7889178
2005-11-28,27,85,-65.6,3.57,285,0.7889178
2005-11-28,28,74.8,-62.6,3.45,285,0.7889178
2005-11-28,29,70,-61,3.69,285,0.7889178
2005-11-28,30,62,-57.3,5.01,285,0.7889178
2005-11-28,31,59,-56.2,6.72,285,0.7889178
2005-11-28,32,57,-54.6,8.26,285,0.7889178
2005-11-28,33,54,-53.6,10.11,285,0.7889178
2005-11-28,34,50,-52.6,11.66,285,0.7889178
2005-11-28,35,43,-50.4,13.3,285,0.7889178
2005-11-28,36,39,-48.1,15.46,285,0.7889178
2005-11-28,37,34,-47.9,17.43,285,0.7889178
2005-11-28,38,30,-47.6,19.63,285,0.7889178
2005-11-28,39,25,-46.9,19.23,285,0.7889178
2005-11-28,40,22,-46.7,18.3,285,0.7889178
2005-11-28,41,20.6,-44.3,18.24,285,0.7889178
2005-12-04,1,988.8,-18.6,3.54,278,0.932138
2005-12-04,2,930,-23.3,3.51,278,0.932138
2005-12-04,3,850,-28.5,3.26,278,0.932138
2005-12-04,4,780,-32.6,3.06,278,0.932138
2005-12-04,5,700,-37.4,2.81,278,0.932138
2005-12-04,6,600,-44.1,2.58,278,0.932138
2005-12-04,7,550,-47.1,2.53,278,0.932138
2005-12-04,8,500,-50.8,2.66,278,0.932138
2005-12-04,9,450,-54.6,2.79,278,0.932138
2005-12-04,10,400,-59.5,3.04,278,0.932138
2005-12-04,11,350,-63.5,3.27,278,0.932138
2005-12-04,12,300,-70,3.75,278,0.932138
2005-12-04,13,275,-70.2,5.21,278,0.932138
2005-12-04,14,250,-70.1,7.53,278,0.932138
2005-12-04,15,220,-68.9,8.6,278,0.932138
2005-12-04,16,200,-68,10.96,278,0.932138
2005-12-04,17,185,-67.3,11.19,278,0.932138
2005-12-04,18,172,-67,10.34,278,0.932138
2005-12-04,19,160,-66.8,9.69,278,0.932138
2005-12-04,20,150,-66.5,9.82,278,0.932138
2005-12-04,21,130,-66.3,10.33,278,0.932138
2005-12-04,22,120,-66,9.79,278,0.932138
2005-12-04,23,110,-66,8.6,278,0.932138
2005-12-04,24,105,-65.5,7.4,278,0.932138
2005-12-04,25,100,-65.2,4.84,278,0.932138
2005-12-04,26,93,-65,4.19,278,0.932138
2005-12-04,27,89,-64.8,4.78,278,0.932138
2005-12-04,28,82,-64.7,4.05,278,0.932138
2005-12-04,29,77.5,-64.1,5.43,278,0.932138
2005-12-04,30,74,-63.3,6.15,278,0.932138
2005-12-04,31,70,-62.2,6.29,278,0.932138
2005-12-04,32,64,-60.7,7.54,278,0.932138
2005-12-04,33,57,-58.7,9.54,278,0.932138
2005-12-04,34,53,-57.3,12,278,0.932138
2005-12-04,35,50,-56,13.03,278,0.932138
2005-12-04,36,48,-55.1,15.98,278,0.932138
2005-12-04,37,45,-53.6,16.44,278,0.932138
2005-12-04,38,42.5,-52.5,17.91,278,0.932138
2005-12-04,39,41,-51.9,18.99,278,0.932138
2005-12-04,40,37,-50.1,21.34,278,0.932138
2005-12-04,41,35,-47.6,21.52,278,0.932138
2005-12-04,42,30,-47.5,21.66,278,0.932138
2005-12-04,43,25,-47.5,21.75,278,0.932138
2005-12-04,44,20,-47.4,21.98,278,0.932138
2005-12-04,45,19.2,-47.4,22.02,278,0.932138
2005-12-10,1,988.9,-2.5,2.02,329,1.356022
2005-12-10,2,900,-10.3,1.87,329,1.356022
2005-12-10,3,813,-16.7,1.74,329,1.356022
2005-12-10,4,750,-22.3,1.61,329,1.356022
2005-12-10,5,700,-26.2,1.61,329,1.356022
2005-12-10,6,630,-30.6,1.58,329,1.356022
2005-12-10,7,558,-35.8,1.54,329,1.356022
2005-12-10,8,500,-40.2,1.82,329,1.356022
2005-12-10,9,450,-44.7,1.54,329,1.356022
2005-12-10,10,400,-49.5,1.75,329,1.356022
2005-12-10,11,374,-50.6,2.52,329,1.356022
2005-12-10,12,347,-50.8,4.5,329,1.356022
2005-12-10,13,300,-49.9,5.65,329,1.356022
2005-12-10,14,275,-49.1,5.76,329,1.356022
2005-12-10,15,250,-48.8,5.81,329,1.356022
2005-12-10,16,220,-48,5.26,329,1.356022
2005-12-10,17,200,-47.1,5.19,329,1.356022
2005-12-10,18,175,-46.7,4.85,329,1.356022
2005-12-10,19,168,-46.7,3.85,329,1.356022
2005-12-10,20,155,-46.7,3.36,329,1.356022
2005-12-10,21,150,-46.7,3.62,329,1.356022
2005-12-10,22,140,-47,4.58,329,1.356022
2005-12-10,23,130,-46.7,6.22,329,1.356022
2005-12-10,24,120,-46.7,8.59,329,1.356022
2005-12-10,25,110,-46.3,10.41,329,1.356022
2005-12-10,26,100,-46.3,11.43,329,1.356022
2005-12-10,27,93.7,-46.3,12.08,329,1.356022
2005-12-10,28,86,-46.1,12.92,329,1.356022
2005-12-10,29,80,-45.5,15.15,329,1.356022
2005-12-10,30,75,-45.3,16.04,329,1.356022
2005-12-10,31,70,-45.1,17.81,329,1.356022
2005-12-10,32,64.5,-45,16.14,329,1.356022
2005-12-10,33,59,-45,16.68,329,1.356022
2005-12-10,34,54,-44.9,15.13,329,1.356022
2005-12-10,35,50,-44.6,13.82,329,1.356022
2005-12-10,36,44.8,-42.6,12.03,329,1.356022
2005-12-10,37,40,-40,9.73,329,1.356022
2005-12-10,38,34,-37.1,7.13,329,1.356022
2005-12-23,1,988.2,7.2,11.74,249,0.710909
2005-12-23,2,960,-1.4,12.32,249,0.710909
2005-12-23,3,920,-6.9,12.89,249,0.710909
2005-12-23,4,880,-8.9,11.49,249,0.710909
2005-12-23,5,850,-10.5,10.85,249,0.710909
2005-12-23,6,820,-8.6,11.14,249,0.710909
2005-12-23,7,800,-7.1,11.08,249,0.710909
2005-12-23,8,750,-10.8,10.38,249,0.710909
2005-12-23,9,700,-16.2,9.39,249,0.710909
2005-12-23,10,640,-19.8,8.85,249,0.710909
2005-12-23,11,600,-25.7,8.5,249,0.710909
2005-12-23,12,550,-29.4,7.91,249,0.710909
2005-12-23,13,500,-33.1,7.07,249,0.710909
2005-12-23,14,460,-36.7,6.43,249,0.710909
2005-12-23,15,400,-41.2,5.56,249,0.710909
2005-12-23,16,340.4,-47.3,5.25,249,0.710909
2005-12-23,17,331,-48.9,4.08,249,0.710909
2005-12-23,18,300,-52.2,6.37,249,0.710909
2005-12-23,19,290,-52.5,6.74,249,0.710909
2005-12-23,20,275,-49.9,7.67,249,0.710909
2005-12-23,21,250,-48.6,6.81,249,0.710909
2005-12-23,22,230,-47.5,6.91,249,0.710909
2005-12-23,23,200,-45.8,6.76,249,0.710909
2005-12-23,24,184,-45.6,6.14,249,0.710909
2005-12-23,25,170,-44.5,6.28,249,0.710909
2005-12-23,26,150,-42.7,5.35,249,0.710909
2005-12-23,27,140,-41.8,4.43,249,0.710909
2005-12-23,28,122,-40.2,5.41,249,0.710909
2005-12-23,29,115,-38.4,4.52,249,0.710909
2005-12-23,30,110,-37.1,4.82,249,0.710909
2005-12-23,31,100,-34.1,5.69,249,0.710909
2005-12-23,32,93,-33.1,6.87,249,0.710909
2005-12-23,33,88,-32.6,8.78,249,0.710909
2005-12-23,34,85.5,-31.5,10.69,249,0.710909
2005-12-23,35,83,-31.2,13.87,249,0.710909
2005-12-23,36,79,-30.9,15.89,249,0.710909
2005-12-23,37,74,-30.8,16.89,249,0.710909
2005-12-23,38,70,-30.8,17.21,249,0.710909
2005-12-23,39,68.5,-30.6,17.36,249,0.710909
2005-12-23,40,64,-30.6,16.93,249,0.710909
2005-12-23,41,58,-30.5,16.26,249,0.710909
2005-12-23,42,55,-30.4,16.13,249,0.710909
2005-12-23,43,50,-30.1,15.13,249,0.710909
2005-12-23,44,47.2,-30.1,13.78,249,0.710909
2005-12-23,45,44,-29.8,13.58,249,0.710909
2005-12-23,46,42,-29.8,11.71,249,0.710909
2005-12-23,47,39,-29.8,10.44,249,0.710909
2005-12-23,48,36.8,-29.5,12.17,249,0.710909
2005-12-23,49,35,-27.7,12.06,249,0.710909
2005-12-23,50,30,-26.7,12.88,249,0.710909
2005-12-23,51,27,-25.7,12.68,249,0.710909
2005-12-23,52,25,-25.5,12.02,249,0.710909
2005-12-23,53,22.5,-24.1,10.63,249,0.710909
2005-12-23,54,20,-23.7,10.76,249,0.710909
2005-12-23,55,17.5,-22,7.65,249,0.710909
2005-12-23,56,15,-18.3,6.2,249,0.710909
2005-12-27,1,984,6.7,1.55,244,0.8759069
2005-12-27,2,950,4.9,1.52,244,0.8759069
2005-12-27,3,900,1.5,1.58,244,0.8759069
2005-12-27,4,850,-0.2,1.55,244,0.8759069
2005-12-27,5,800,-2.6,1.42,244,0.8759069
2005-12-27,6,740,-6.6,1.2,244,0.8759069
2005-12-27,7,700,-8.6,1.1,244,0.8759069
2005-12-27,8,600,-15.7,1.1,244,0.8759069
2005-12-27,9,550,-19.2,1.1,244,0.8759069
2005-12-27,10,500,-23.9,1.16,244,0.8759069
2005-12-27,11,450,-31.4,1.16,244,0.8759069
2005-12-27,12,400,-35.1,1.19,244,0.8759069
2005-12-27,13,360,-43.3,1.4,244,0.8759069
2005-12-27,14,335,-46.4,1.46,244,0.8759069
2005-12-27,15,300,-51.2,2.02,244,0.8759069
2005-12-27,16,280,-53,2.95,244,0.8759069
2005-12-27,17,250,-49.5,5.14,244,0.8759069
2005-12-27,18,225,-45.5,6.4,244,0.8759069
2005-12-27,19,200,-43.3,6.39,244,0.8759069
2005-12-27,20,190,-42.7,6.16,244,0.8759069
2005-12-27,21,164,-41.8,6.02,244,0.8759069
2005-12-27,22,150,-41.2,6.15,244,0.8759069
2005-12-27,23,140,-40.3,6.21,244,0.8759069
2005-12-27,24,130,-39.6,6.46,244,0.8759069
2005-12-27,25,120,-38.9,7.52,244,0.8759069
2005-12-27,26,110,-35.1,10.6,244,0.8759069
2005-12-27,27,100,-35.1,10.59,244,0.8759069
2005-12-27,28,95,-35.3,12.85,244,0.8759069
2005-12-27,29,90,-35.8,11.77,244,0.8759069
2005-12-27,30,75,-31.4,16.17,244,0.8759069
2005-12-27,31,70,-30.1,16.71,244,0.8759069
2005-12-27,32,63,-31.3,16.95,244,0.8759069
2005-12-27,33,55,-31.1,15.07,244,0.8759069
2005-12-27,34,50,-30.1,13.91,244,0.8759069
2005-12-27,35,46,-29.1,14.6,244,0.8759069
2005-12-27,36,42,-29.4,14.48,244,0.8759069
2005-12-27,37,40,-29.4,14.06,244,0.8759069
2005-12-27,38,36,-28.7,12.76,244,0.8759069
2005-12-27,39,30,-28.7,10.12,244,0.8759069
2005-12-27,40,26.3,-27.3,8.46,244,0.8759069
2005-12-27,41,25.2,-27,7.91,244,0.8759069
2005-12-27,42,20,-22.9,5.99,244,0.8759069
2005-12-27,43,16.5,-21.5,5.71,244,0.8759069
2007-02-06,1,967.2,-6.2,6.28,290,0.9839975
2007-02-06,2,934,-8.9,6.35,290,0.9839975
2007-02-06,3,915,-10,6.19,290,0.9839975
2007-02-06,4,900,-10.4,5.96,290,0.9839975
2007-02-06,5,868,-11.8,5.39,290,0.9839975
2007-02-06,6,850,-13,5.2,290,0.9839975
2007-02-06,7,800,-15.7,4.88,290,0.9839975
2007-02-06,8,750,-18.7,4.75,290,0.9839975
2007-02-06,9,700,-21.1,4.9,290,0.9839975
2007-02-06,10,650,-24.8,5.12,290,0.9839975
2007-02-06,11,600,-26.2,4.39,290,0.9839975
2007-02-06,12,550,-30.2,6.93,290,0.9839975
2007-02-06,13,500,-34,3.43,290,0.9839975
2007-02-06,14,446,-38.6,3.74,290,0.9839975
2007-02-06,15,400,-42.8,6.34,290,0.9839975
2007-02-06,16,350,-45.7,2.78,290,0.9839975
2007-02-06,17,325,-47.1,2.96,290,0.9839975
2007-02-06,18,300,-49.7,3.46,290,0.9839975
2007-02-06,19,270,-51.5,4.39,290,0.9839975
2007-02-06,20,250,-50,5.09,290,0.9839975
2007-02-06,21,210,-46.8,5.89,290,0.9839975
2007-02-06,22,200,-47.1,5.7,290,0.9839975
2007-02-06,23,180,-44.9,4.93,290,0.9839975
2007-02-06,24,170,-44.1,5.22,290,0.9839975
2007-02-06,25,165,-44.2,5.89,290,0.9839975
2007-02-06,26,155,-43,5.78,290,0.9839975
2007-02-06,27,150,-43,6.05,290,0.9839975
2007-02-06,28,138,-42.8,6.66,290,0.9839975
2007-02-06,29,128,-42.6,7.18,290,0.9839975
2007-02-06,30,110,-41.1,8.09,290,0.9839975
2007-02-06,31,100,-40.8,9.01,290,0.9839975
2007-02-06,32,97.5,-40.8,9.62,290,0.9839975
2007-02-06,33,90.6,-40.5,9.52,290,0.9839975
2007-02-06,34,86.5,-40.5,10.85,290,0.9839975
2007-02-06,35,81,-40.4,10.97,290,0.9839975
2007-02-06,36,79,-40.2,11.71,290,0.9839975
2007-02-06,37,75,-39.4,12.15,290,0.9839975
2007-02-06,38,70,-38.7,11.85,290,0.9839975
2007-02-06,39,64.8,-38.7,12.51,290,0.9839975
2007-02-06,40,59.6,-38.6,13.06,290,0.9839975
2007-02-06,41,57,-38.6,13.02,290,0.9839975
2007-02-06,42,53,-37.6,13.27,290,0.9839975
2007-02-06,43,50,-35.9,13.14,290,0.9839975
2007-02-06,44,49,-35.9,13.3,290,0.9839975
2007-02-06,45,48,-34.5,13.66,290,0.9839975
2007-02-06,46,46,-34.8,13.02,290,0.9839975
2007-02-06,47,42.2,-34.5,10.7,290,0.9839975
2007-02-06,48,40,-34.2,11.03,290,0.9839975
2007-02-06,49,37.4,-34,11.75,290,0.9839975
2007-02-06,50,33,-33.7,10.86,290,0.9839975
2007-02-06,51,30,-33.2,9.46,290,0.9839975
2007-02-06,52,26.3,-32.9,8.29,290,0.9839975
2007-02-06,53,23,-32.5,7.72,290,0.9839975
2007-02-06,54,20,-31.8,6.13,290,0.9839975
2007-02-06,55,15,-29.5,5.4,290,0.9839975
2007-02-06,56,13,-29.2,5.09,290,0.9839975
2007-02-06,57,10,-27.9,4.48,290,0.9839975
2007-02-06,58,9.4,-27.7,4.44,290,0.9839975
2007-02-25,1,970.5,1.5,2.58,281,1.060946
2007-02-25,2,900,-3.4,1.9,281,1.060946
2007-02-25,3,866,-6.6,1.95,281,1.060946
2007-02-25,4,860,-7.7,2.92,281,1.060946
2007-02-25,5,856,-8.3,3.52,281,1.060946
2007-02-25,6,810,-12.4,4.11,281,1.060946
2007-02-25,7,750,-18.2,4.03,281,1.060946
2007-02-25,8,700,-20.9,3.35,281,1.060946
2007-02-25,9,660,-22.8,2.43,281,1.060946
2007-02-25,10,600,-27.5,2.94,281,1.060946
2007-02-25,11,550,-32.4,3.23,281,1.060946
2007-02-25,12,525,-34.3,2.69,281,1.060946
2007-02-25,13,500,-37,2.04,281,1.060946
2007-02-25,14,475,-38.5,1.61,281,1.060946
2007-02-25,15,430,-41.3,1.29,281,1.060946
2007-02-25,16,390,-46.8,1.15,281,1.060946
2007-02-25,17,375,-48.8,1.61,281,1.060946
2007-02-25,18,360,-47.9,2.94,281,1.060946
2007-02-25,19,340,-46.5,4.35,281,1.060946
2007-02-25,20,320,-44.8,5.46,281,1.060946
2007-02-25,21,300,-43,5.59,281,1.060946
2007-02-25,22,270,-41.6,5.6,281,1.060946
2007-02-25,23,250,-40.1,5.15,281,1.060946
2007-02-25,24,238,-40.1,5.01,281,1.060946
2007-02-25,25,232,-40.1,5.3,281,1.060946
2007-02-25,26,215,-40.1,4.98,281,1.060946
2007-02-25,27,205,-40,4.66,281,1.060946
2007-02-25,28,200,-40,5.05,281,1.060946
2007-02-25,29,180,-39.8,5.16,281,1.060946
2007-02-25,30,170,-39.8,5.8,281,1.060946
2007-02-25,31,160,-39.8,6.59,281,1.060946
2007-02-25,32,150,-39.8,6.63,281,1.060946
2007-02-25,33,140,-39.7,7.56,281,1.060946
2007-02-25,34,130,-39.7,8.37,281,1.060946
2007-02-25,35,120,-39.5,9.47,281,1.060946
2007-02-25,36,105,-39.5,10.12,281,1.060946
2007-02-25,37,100,-39.5,11.08,281,1.060946
2007-02-25,38,90,-39.5,12.16,281,1.060946
2007-02-25,39,80,-39.4,12.84,281,1.060946
2007-02-25,40,72.5,-38.7,13.49,281,1.060946
2007-02-25,41,70,-38.7,13.68,281,1.060946
2007-02-25,42,67,-38.5,14.03,281,1.060946
2007-02-25,43,65,-38.5,14.54,281,1.060946
2007-02-25,44,61,-38.3,14.66,281,1.060946
2007-02-25,45,60,-38.1,14.82,281,1.060946
2007-02-25,46,56,-37.7,14.6,281,1.060946
2007-02-25,47,52.5,-37.4,14.07,281,1.060946
2007-02-25,48,50,-37.1,13.99,281,1.060946
2007-02-25,49,46.5,-36.7,12.69,281,1.060946
2007-03-04,1,967.1,-4,0.94,270,1.817004
2007-03-04,2,900,-9.3,1.05,270,1.817004
2007-03-04,3,860,-13.4,0.65,270,1.817004
2007-03-04,4,820,-16.5,0.94,270,1.817004
2007-03-04,5,785,-19.3,0.43,270,1.817004
2007-03-04,6,725,-22.1,0.37,270,1.817004
2007-03-04,7,700,-25,0.37,270,1.817004
2007-03-04,8,630,-28.5,0.4,270,1.817004
2007-03-04,9,570,-31.3,0.45,270,1.817004
2007-03-04,10,542,-32.8,0.76,270,1.817004
2007-03-04,11,520,-34.5,0.42,270,1.817004
2007-03-04,12,500,-36.9,1.38,270,1.817004
2007-03-04,13,430,-42.5,0.87,270,1.817004
2007-03-04,14,405,-45.3,0.42,270,1.817004
2007-03-04,15,390,-47.3,0.93,270,1.817004
2007-03-04,16,378,-50.2,0.37,270,1.817004
2007-03-04,17,350,-55.3,1.07,270,1.817004
2007-03-04,18,325,-52.6,2.35,270,1.817004
2007-03-04,19,300,-51,2.41,270,1.817004
2007-03-04,20,250,-46.3,2.68,270,1.817004
2007-03-04,21,200,-45.3,2.89,270,1.817004
2007-03-04,22,175,-45.3,3.15,270,1.817004
2007-03-04,23,170,-45.3,3.48,270,1.817004
2007-03-04,24,150,-45.3,3.51,270,1.817004
2007-03-04,25,130,-45.3,4.03,270,1.817004
2007-03-04,26,120,-45.3,4.8,270,1.817004
2007-03-04,27,110,-45.3,5.62,270,1.817004
2007-03-04,28,100,-45.3,7.02,270,1.817004
2007-03-04,29,90,-45.3,8.19,270,1.817004
2007-03-04,30,86,-45.3,8.96,270,1.817004
2007-03-04,31,78,-45.3,8.19,270,1.817004
2007-03-04,32,70,-45.3,7.7,270,1.817004
2007-03-04,33,62,-45.3,7.14,270,1.817004
2007-03-04,34,57,-45.2,6.62,270,1.817004
2007-03-04,35,50,-45.2,6.57,270,1.817004
2007-03-04,36,43,-45.1,6.43,270,1.817004
2007-03-04,37,38.5,-45.1,5.77,270,1.817004
2007-03-04,38,35,-44.9,4.76,270,1.817004
2007-03-04,39,30,-43.8,4.15,270,1.817004
2007-03-04,40,27,-42.5,4.13,270,1.817004
2007-03-04,41,25,-41.2,4.15,270,1.817004
2007-03-04,42,20,-39.8,4.09,270,1.817004
2007-03-04,43,18,-38.5,3.83,270,1.817004
2007-03-23,1,977.8,-12.2,1.34,276,1.461081
2007-03-23,2,900,-19.3,1.37,276,1.461081
2007-03-23,3,872,-16.6,1.25,276,1.461081
2007-03-23,4,800,-16.9,1.14,276,1.461081
2007-03-23,5,700,-21.8,1.2,276,1.461081
2007-03-23,6,663,-23.8,1.11,276,1.461081
2007-03-23,7,564,-32.2,1.11,276,1.461081
2007-03-23,8,530,-36.2,0.84,276,1.461081
2007-03-23,9,500,-39.7,0.9,276,1.461081
2007-03-23,10,436,-46.6,0.45,276,1.461081
2007-03-23,11,400,-52.3,0.79,276,1.461081
2007-03-23,12,380,-54.1,0.58,276,1.461081
2007-03-23,13,353,-58.1,1.23,276,1.461081
2007-03-23,14,300,-53.7,3.42,276,1.461081
2007-03-23,15,250,-50.3,3.75,276,1.461081
2007-03-23,16,200,-50,4.11,276,1.461081
2007-03-23,17,190,-49.4,3.59,276,1.461081
2007-03-23,18,177,-48.9,2.76,276,1.461081
2007-03-23,19,160,-48.9,3.43,276,1.461081
2007-03-23,20,150,-48.9,4.6,276,1.461081
2007-03-23,21,130,-48.9,5.63,276,1.461081
2007-03-23,22,120,-48.9,6.2,276,1.461081
2007-03-23,23,110,-48.8,6.86,276,1.461081
2007-03-23,24,100,-48.8,7.58,276,1.461081
2007-03-23,25,90.5,-48.8,8.14,276,1.461081
2007-03-23,26,78.4,-48.8,9.69,276,1.461081
2007-03-23,27,72,-48.8,9.92,276,1.461081
2007-03-23,28,70,-48.8,10.37,276,1.461081
2007-03-23,29,67.5,-48.8,10.77,276,1.461081
2007-03-23,30,64.8,-48.8,11.02,276,1.461081
2007-03-23,31,60,-48.7,10.28,276,1.461081
2007-03-23,32,54,-48.5,9.54,276,1.461081
2007-03-23,33,44.5,-48.4,8.34,276,1.461081
2007-03-23,34,40.5,-48.2,7.33,276,1.461081
2007-03-23,35,38,-48.1,6.46,276,1.461081
2007-03-23,36,37,-48.2,5.9,276,1.461081
2007-03-23,37,34.5,-48.2,5.79,276,1.461081
2007-03-23,38,31.4,-47.9,5.34,276,1.461081
2007-03-23,39,30,-48.8,4.69,276,1.461081
2007-03-23,40,25,-47.4,4.71,276,1.461081
2007-03-23,41,20,-46.4,4.63,276,1.461081
2007-03-23,42,14.3,-44.8,4.28,276,1.461081
2007-04-01,1,984.3,-9.9,1.84,250,1.329199
2007-04-01,2,917,-14,1.59,250,1.329199
2007-04-01,3,898,-13.9,1.59,250,1.329199
2007-04-01,4,815,-19.5,1.58,250,1.329199
2007-04-01,5,800,-18.1,1.49,250,1.329199
2007-04-01,6,730,-17.2,1.49,250,1.329199
2007-04-01,7,700,-19.2,1.49,250,1.329199
2007-04-01,8,594,-29.3,1.39,250,1.329199
2007-04-01,9,574,-30,1.39,250,1.329199
2007-04-01,10,550,-30,1.39,250,1.329199
2007-04-01,11,500,-35.7,1.42,250,1.329199
2007-04-01,12,454,-39.1,1.88,250,1.329199
2007-04-01,13,413,-44,1.42,250,1.329199
2007-04-01,14,361,-49.4,1.53,250,1.329199
2007-04-01,15,340,-51.7,1.19,250,1.329199
2007-04-01,16,325,-53.2,1.25,250,1.329199
2007-04-01,17,300,-57.4,0.98,250,1.329199
2007-04-01,18,264,-55.6,3.38,250,1.329199
2007-04-01,19,242,-52.7,3.1,250,1.329199
2007-04-01,20,214,-51,4.07,250,1.329199
2007-04-01,21,200,-49.4,3.64,250,1.329199
2007-04-01,22,178,-49.6,2.78,250,1.329199
2007-04-01,23,164,-49.6,4.54,250,1.329199
2007-04-01,24,150,-49.7,5.6,250,1.329199
2007-04-01,25,134,-50,4.97,250,1.329199
2007-04-01,26,125,-50,6.07,250,1.329199
2007-04-01,27,120,-50,7.21,250,1.329199
2007-04-01,28,110,-48.8,8.05,250,1.329199
2007-04-01,29,108,-50,7.9,250,1.329199
2007-04-01,30,105,-50,6.73,250,1.329199
2007-04-01,31,100,-50.7,7.39,250,1.329199
2007-04-01,32,93.4,-50.8,7.85,250,1.329199
2007-04-01,33,84,-51.7,7.94,250,1.329199
2007-04-01,34,80,-51.3,8.15,250,1.329199
2007-04-01,35,76.6,-51.4,8.18,250,1.329199
2007-04-01,36,70,-51.9,8.47,250,1.329199
2007-04-01,37,66.3,-52,8.53,250,1.329199
2007-04-01,38,60.3,-52.2,9.55,250,1.329199
2007-04-01,39,50,-55,8.82,250,1.329199
2007-04-01,40,45,-56.2,8.69,250,1.329199
2007-04-01,41,39.2,-55.3,8.66,250,1.329199
2007-04-01,42,35,-55.1,8.57,250,1.329199
2007-04-01,43,31.8,-57.1,8.49,250,1.329199
2007-04-01,44,30,-56.8,8.16,250,1.329199
2007-04-01,45,25.7,-57.8,7.08,250,1.329199
2007-04-01,46,20,-56.2,5.41,250,1.329199
2007-04-01,47,18.7,-56.2,4.36,250,1.329199
2007-04-01,48,15.9,-55,3.44,250,1.329199
2007-04-01,49,14.8,-54.4,3.46,250,1.329199
2007-04-01,50,14,-53.5,3.12,250,1.329199
2007-04-01,51,12.4,-49,2.47,250,1.329199
2007-04-11,1,980,-7.9,1.58,281,1.084102
2007-04-11,2,944,-8.2,1.28,281,1.084102
2007-04-11,3,900,-9.3,2.17,281,1.084102
2007-04-11,4,884,-9.6,1.49,281,1.084102
2007-04-11,5,809,-10.6,1.19,281,1.084102
2007-04-11,6,764,-10.9,1.11,281,1.084102
2007-04-11,7,700,-13,0.94,281,1.084102
2007-04-11,8,635,-15.1,0.85,281,1.084102
2007-04-11,9,604,-19,1.23,281,1.084102
2007-04-11,10,500,-33.3,0.93,281,1.084102
2007-04-11,11,454,-40.6,0.59,281,1.084102
2007-04-11,12,396,-48,1.26,281,1.084102
2007-04-11,13,383,-49.7,1.05,281,1.084102
2007-04-11,14,370,-51,1.18,281,1.084102
2007-04-11,15,339,-55.3,0.76,281,1.084102
2007-04-11,16,328,-57.3,1.26,281,1.084102
2007-04-11,17,300,-60.9,0.75,281,1.084102
2007-04-11,18,285,-61.5,2.13,281,1.084102
2007-04-11,19,280,-61.9,0.79,281,1.084102
2007-04-11,20,270,-60.7,3.22,281,1.084102
2007-04-11,21,250,-59.6,3.34,281,1.084102
2007-04-11,22,242,-57.8,4.13,281,1.084102
2007-04-11,23,211,-54.1,6.12,281,1.084102
2007-04-11,24,200,-54,6.29,281,1.084102
2007-04-11,25,186,-54.3,5.02,281,1.084102
2007-04-11,26,170,-54.6,6.69,281,1.084102
2007-04-11,27,165,-54.7,5.73,281,1.084102
2007-04-11,28,150,-54.7,8.66,281,1.084102
2007-04-11,29,129,-54.1,12.44,281,1.084102
2007-04-11,30,123,-53.8,12.85,281,1.084102
2007-04-11,31,117,-54.1,13.87,281,1.084102
2007-04-11,32,110,-54,16.78,281,1.084102
2007-04-11,33,100,-54.1,18.01,281,1.084102
2007-04-11,34,94,-54.4,18.64,281,1.084102
2007-04-11,35,89,-54.6,18.8,281,1.084102
2007-04-11,36,86.4,-54.7,18.59,281,1.084102
2007-04-11,37,81.2,-54.6,19.21,281,1.084102
2007-04-11,38,80,-54.3,17.14,281,1.084102
2007-04-11,39,78.4,-54.3,16.32,281,1.084102
2007-04-11,40,76.3,-55,16.41,281,1.084102
2007-04-11,41,74,-55.8,17.16,281,1.084102
2007-04-11,42,70,-56.1,17.04,281,1.084102
2007-04-11,43,61,-56.4,15.55,281,1.084102
2007-04-11,44,56.5,-57.3,14.75,281,1.084102
2007-04-11,45,50,-58,12.47,281,1.084102
2007-04-11,46,48.5,-58.1,11.02,281,1.084102
2007-08-20,1,971.7,-16.1,2.69,219,1.355277
2007-08-20,2,900,-19.1,2.66,219,1.355277
2007-08-20,3,850,-22.2,2.6,219,1.355277
2007-08-20,4,800,-24.5,2.6,219,1.355277
2007-08-20,5,746,-27,2.57,219,1.355277
2007-08-20,6,732,-25.6,2.54,219,1.355277
2007-08-20,7,700,-26.7,2.46,219,1.355277
2007-08-20,8,650,-29.7,2.2,219,1.355277
2007-08-20,9,570,-38.6,2.2,219,1.355277
2007-08-20,10,500,-46.1,1.97,219,1.355277
2007-08-20,11,430,-54,1.78,219,1.355277
2007-08-20,12,365,-61.2,1.49,219,1.355277
2007-08-20,13,334,-64.2,1.13,219,1.355277
2007-08-20,14,300,-69.1,1.65,219,1.355277
2007-08-20,15,280,-71.7,1.62,219,1.355277
2007-08-20,16,250,-72.8,3.51,219,1.355277
2007-08-20,17,240,-73,4.39,219,1.355277
2007-08-20,18,215,-76,4.68,219,1.355277
2007-08-20,19,200,-76.2,5.99,219,1.355277
2007-08-20,20,177,-77.6,6.41,219,1.355277
2007-08-20,21,150,-80.2,7.96,219,1.355277
2007-08-20,22,130,-81.6,9.17,219,1.355277
2007-08-20,23,115,-83,11.49,219,1.355277
2007-08-20,24,107,-83.3,13.05,219,1.355277
2007-08-20,25,100,-83.3,12.97,219,1.355277
2007-08-20,26,90,-83.9,12.76,219,1.355277
2007-08-20,27,80,-84.5,11.43,219,1.355277
2007-08-20,28,70,-85.4,9.13,219,1.355277
2007-08-20,29,66.3,-87,8.37,219,1.355277
2007-08-20,30,64,-86.4,7.64,219,1.355277
2007-08-20,31,57,-85.7,6.02,219,1.355277
2007-08-20,32,50,-84.5,5.61,219,1.355277
2007-08-20,33,40,-83.3,4.51,219,1.355277
2007-08-20,34,38,-83,2.57,219,1.355277
2007-08-20,35,34.1,-83.9,2.41,219,1.355277
2007-09-07,1,973,-16,3.1,166,0.9655857
2007-09-07,2,900,-19.7,3.66,166,0.9655857
2007-09-07,3,885,-22.4,3.58,166,0.9655857
2007-09-07,4,850,-23.5,3.38,166,0.9655857
2007-09-07,5,833,-24.7,3.33,166,0.9655857
2007-09-07,6,800,-25,3.25,166,0.9655857
2007-09-07,7,700,-25.7,2.77,166,0.9655857
2007-09-07,8,650,-27.6,2.56,166,0.9655857
2007-09-07,9,580,-34,2,166,0.9655857
2007-09-07,10,500,-40.1,2.27,166,0.9655857
2007-09-07,11,400,-51.3,1.43,166,0.9655857
2007-09-07,12,340,-59.4,1.78,166,0.9655857
2007-09-07,13,300,-66.5,1.58,166,0.9655857
2007-09-07,14,250,-72.9,2.91,166,0.9655857
2007-09-07,15,200,-77.4,4.67,166,0.9655857
2007-09-07,16,155,-78.4,7.37,166,0.9655857
2007-09-07,17,150,-79.6,7.2,166,0.9655857
2007-09-07,18,132,-81.8,5.61,166,0.9655857
2007-09-07,19,122,-83.1,7.86,166,0.9655857
2007-09-07,20,120,-83.7,6.46,166,0.9655857
2007-09-07,21,110,-84.3,7.55,166,0.9655857
2007-09-07,22,105,-84.6,7.08,166,0.9655857
2007-09-07,23,100,-84.3,8.13,166,0.9655857
2007-09-07,24,96.5,-84,9.65,166,0.9655857
2007-09-07,25,93,-84,7.66,166,0.9655857
2007-09-07,26,91,-84.3,7.46,166,0.9655857
2007-09-07,27,86.5,-84.9,5.04,166,0.9655857
2007-09-07,28,80,-85.2,3.94,166,0.9655857
2007-09-07,29,72,-86.1,3.17,166,0.9655857
2007-09-07,30,70,-85.8,3.25,166,0.9655857
2007-09-07,31,65,-85.2,3.8,166,0.9655857
2007-09-07,32,56,-84.3,5.66,166,0.9655857
2007-09-07,33,54.4,-84,7.68,166,0.9655857
2007-09-07,34,50,-83.1,5.49,166,0.9655857
2007-09-07,35,48,-83.4,4.07,166,0.9655857
2007-09-07,36,46.8,-83.1,3.84,166,0.9655857
2007-09-07,37,44,-81.5,4.32,166,0.9655857
2007-09-07,38,40,-80.9,5.4,166,0.9655857
2007-09-07,39,34,-72.5,7.56,166,0.9655857
2007-09-07,40,31.7,-69.5,7.16,166,0.9655857
2007-09-17,1,983.3,-17.1,1.68,152,1.536516
2007-09-17,2,965,-18.7,2.52,152,1.536516
2007-09-17,3,900,-24.7,2.16,152,1.536516
2007-09-17,4,858,-27.7,2.19,152,1.536516
2007-09-17,5,800,-27.4,2.09,152,1.536516
2007-09-17,6,780,-27.2,2.09,152,1.536516
2007-09-17,7,716,-30.7,1.85,152,1.536516
2007-09-17,8,700,-30.2,1.79,152,1.536516
2007-09-17,9,650,-32.5,1.52,152,1.536516
2007-09-17,10,600,-37.8,1.49,152,1.536516
2007-09-17,11,550,-42.7,1.4,152,1.536516
2007-09-17,12,500,-47.4,1.52,152,1.536516
2007-09-17,13,450,-52.8,1.16,152,1.536516
2007-09-17,14,400,-58.7,1.1,152,1.536516
2007-09-17,15,354,-63.3,1,152,1.536516
2007-09-17,16,300,-68.6,1.21,152,1.536516
2007-09-17,17,250,-72.6,2.29,152,1.536516
2007-09-17,18,200,-75.7,3.37,152,1.536516
2007-09-17,19,188,-76.2,3.73,152,1.536516
2007-09-17,20,178,-77.7,3.2,152,1.536516
2007-09-17,21,150,-78.2,4.04,152,1.536516
2007-09-17,22,138,-80.3,3.35,152,1.536516
2007-09-17,23,125,-80.6,3.4,152,1.536516
2007-09-17,24,115,-81.1,2.6,152,1.536516
2007-09-17,25,104,-82,2.45,152,1.536516
2007-09-17,26,100,-82.6,2.83,152,1.536516
2007-09-17,27,90,-82.9,3.73,152,1.536516
2007-09-17,28,87,-83.2,3.35,152,1.536516
2007-09-17,29,84,-83.5,2.65,152,1.536516
2007-09-17,30,80,-83.8,3.06,152,1.536516
2007-09-17,31,75.3,-84.1,4.08,152,1.536516
2007-09-17,32,74,-83.5,3.2,152,1.536516
2007-09-17,33,70,-82.9,4.66,152,1.536516
2007-09-17,34,67.3,-82.3,5.57,152,1.536516
2007-09-17,35,63.5,-81.1,4.82,152,1.536516
2007-09-17,36,62.6,-80.6,5.08,152,1.536516
2007-09-17,37,61.3,-80.3,4.73,152,1.536516
2007-09-17,38,60,-79.8,4.97,152,1.536516
2007-09-17,39,55,-80.3,3.58,152,1.536516
2007-09-17,40,53.5,-78.2,3.23,152,1.536516
2007-09-17,41,50,-74.3,4.32,152,1.536516
2007-09-17,42,44.4,-66.3,5.34,152,1.536516
2007-09-17,43,42,-63.9,4.14,152,1.536516
2007-09-17,44,40,-61.7,2.13,152,1.536516
2007-09-17,45,35,-55.9,2.04,152,1.536516
2007-09-17,46,30,-50.6,1.96,152,1.536516
2007-09-17,47,25,-43.3,2.05,152,1.536516
2007-09-17,48,20,-36.7,2.13,152,1.536516
2007-09-17,49,17.8,-34.8,2.22,152,1.536516
2007-10-01,1,975,-18.8,1.75,139,1.290475
2007-10-01,2,900,-26.7,1.85,139,1.290475
2007-10-01,3,800,-30.9,1.69,139,1.290475
2007-10-01,4,784,-31.6,1.72,139,1.290475
2007-10-01,5,743,-30.2,1.68,139,1.290475
2007-10-01,6,700,-31.1,1.75,139,1.290475
2007-10-01,7,600,-33.2,1.52,139,1.290475
2007-10-01,8,500,-42,1.26,139,1.290475
2007-10-01,9,424,-51.3,1.01,139,1.290475
2007-10-01,10,370,-58.5,1.19,139,1.290475
2007-10-01,11,300,-66,0.97,139,1.290475
2007-10-01,12,265,-70.7,1.03,139,1.290475
2007-10-01,13,250,-70.1,2.21,139,1.290475
2007-10-01,14,200,-74.5,3.83,139,1.290475
2007-10-01,15,150,-76.1,4.29,139,1.290475
2007-10-01,16,140,-76.3,4.14,139,1.290475
2007-10-01,17,123,-76.8,1.69,139,1.290475
2007-10-01,18,104,-78,2.39,139,1.290475
2007-10-01,19,100,-78.3,1.9,139,1.290475
2007-10-01,20,90,-78,0.87,139,1.290475
2007-10-01,21,75,-77.5,0.22,139,1.290475
2007-10-01,22,70,-77.3,0.81,139,1.290475
2007-10-01,23,66,-76.8,1.18,139,1.290475
2007-10-01,24,61.5,-76.1,0.87,139,1.290475
2007-10-01,25,55,-73.6,1.93,139,1.290475
2007-10-01,26,52,-72.5,1.81,139,1.290475
2007-10-01,27,50,-71.9,3.06,139,1.290475
2007-10-01,28,48.3,-69.9,2.6,139,1.290475
2007-10-01,29,45,-64.8,4.14,139,1.290475
2007-10-01,30,40,-56.9,6.83,139,1.290475
2007-10-01,31,38,-54.1,7.43,139,1.290475
2007-10-01,32,35,-50.1,6.74,139,1.290475
2007-10-01,33,30.8,-44.5,5.49,139,1.290475
2007-11-16,1,977,-1.1,2.7,201,1.383357
2007-11-16,2,900,-9.2,2.63,201,1.383357
2007-11-16,3,860,-11.6,2.63,201,1.383357
2007-11-16,4,800,-13.4,2.3,201,1.383357
2007-11-16,5,750,-16.1,2.1,201,1.383357
2007-11-16,6,740,-16.7,2.04,201,1.383357
2007-11-16,7,700,-19,2.23,201,1.383357
2007-11-16,8,660,-21.1,2.3,201,1.383357
2007-11-16,9,620,-23.9,2.46,201,1.383357
2007-11-16,10,550,-28,2.16,201,1.383357
2007-11-16,11,500,-33.1,1.93,201,1.383357
2007-11-16,12,450,-39.2,1.86,201,1.383357
2007-11-16,13,400,-48,1.53,201,1.383357
2007-11-16,14,363,-54.8,1.36,201,1.383357
2007-11-16,15,300,-62.8,1.55,201,1.383357
2007-11-16,16,250,-66.3,1.9,201,1.383357
2007-11-16,17,235,-67.8,2.42,201,1.383357
2007-11-16,18,220,-68.6,4.06,201,1.383357
2007-11-16,19,215,-67.4,4.7,201,1.383357
2007-11-16,20,200,-67,4.92,201,1.383357
2007-11-16,21,165,-66.7,4.65,201,1.383357
2007-11-16,22,150,-65.2,3.65,201,1.383357
2007-11-16,23,138,-65.5,3.23,201,1.383357
2007-11-16,24,120,-65.2,3.87,201,1.383357
2007-11-16,25,110,-64.6,5.48,201,1.383357
2007-11-16,26,105,-64.6,4.25,201,1.383357
2007-11-16,27,100,-64.4,3.74,201,1.383357
2007-11-16,28,92,-64.1,6.01,201,1.383357
2007-11-16,29,90,-63.5,6.68,201,1.383357
2007-11-16,30,78,-62.8,5.37,201,1.383357
2007-11-16,31,75,-62.3,3.97,201,1.383357
2007-11-16,32,70,-60.6,3.27,201,1.383357
2007-11-16,33,58,-54,4.73,201,1.383357
2007-11-16,34,50,-48.8,6.75,201,1.383357
2007-11-16,35,45,-46.3,7.91,201,1.383357
2007-11-16,36,40.4,-43.9,8.58,201,1.383357
2007-11-16,37,35,-41.9,6.61,201,1.383357
2007-11-16,38,30,-41.4,4.99,201,1.383357
2007-11-22,1,977,-1.2,2.41,184,1.847981
2007-11-22,2,900,-8.4,2.24,184,1.847981
2007-11-22,3,850,-12,2.06,184,1.847981
2007-11-22,4,805,-10.8,2.02,184,1.847981
2007-11-22,5,800,-11.1,1.99,184,1.847981
2007-11-22,6,750,-15,1.85,184,1.847981
2007-11-22,7,700,-17.7,1.88,184,1.847981
2007-11-22,8,615,-22.9,1.56,184,1.847981
2007-11-22,9,584,-25,1.77,184,1.847981
2007-11-22,10,500,-33.6,1.21,184,1.847981
2007-11-22,11,450,-40.9,1.18,184,1.847981
2007-11-22,12,400,-48.1,1.04,184,1.847981
2007-11-22,13,343,-56.5,0.96,184,1.847981
2007-11-22,14,300,-64,1.41,184,1.847981
2007-11-22,15,250,-64.9,3.46,184,1.847981
2007-11-22,16,230,-65.1,4.41,184,1.847981
2007-11-22,17,208,-64.9,4.54,184,1.847981
2007-11-22,18,200,-64.6,4.47,184,1.847981
2007-11-22,19,170,-64.7,3.76,184,1.847981
2007-11-22,20,155,-65.1,3,184,1.847981
2007-11-22,21,150,-65.1,3.26,184,1.847981
2007-11-22,22,147,-64.9,3.57,184,1.847981
2007-11-22,23,120,-63.7,1.88,184,1.847981
2007-11-22,24,100,-63.2,1.28,184,1.847981
2007-11-22,25,90,-62.7,0.98,184,1.847981
2007-11-22,26,80,-61.5,1.39,184,1.847981
2007-11-22,27,70,-58.9,2.58,184,1.847981
2007-11-22,28,60,-51.2,3.85,184,1.847981
2007-11-22,29,53,-45.6,6.23,184,1.847981
2007-11-22,30,51.3,-44.3,6.79,184,1.847981
2007-11-22,31,50,-44.2,6.73,184,1.847981
2007-11-22,32,45.3,-42.7,5.57,184,1.847981
2007-11-22,33,42.4,-42.4,4.52,184,1.847981
2007-12-01,1,964.7,1.1,2.92,277,1.897028
2007-12-01,2,952,-5.1,2.41,277,1.897028
2007-12-01,3,900,-10.4,1.65,277,1.897028
2007-12-01,4,850,-12.5,1.3,277,1.897028
2007-12-01,5,800,-15.6,1.23,277,1.897028
2007-12-01,6,700,-21.9,0.85,277,1.897028
2007-12-01,7,600,-30.1,0.72,277,1.897028
2007-12-01,8,500,-40.3,0.25,277,1.897028
2007-12-01,9,400,-51.4,0.56,277,1.897028
2007-12-01,10,340,-58,1.28,277,1.897028
2007-12-01,11,300,-59.3,2.15,277,1.897028
2007-12-01,12,282,-60.5,2.08,277,1.897028
2007-12-01,13,263,-61.6,2.76,277,1.897028
2007-12-01,14,246,-61.3,3.66,277,1.897028
2007-12-01,15,220,-61.6,3.99,277,1.897028
2007-12-01,16,205,-62,3.9,277,1.897028
2007-12-01,17,200,-61.6,3.62,277,1.897028
2007-12-01,18,160,-61,2.72,277,1.897028
2007-12-01,19,150,-61.5,2.78,277,1.897028
2007-12-01,20,144,-61.8,2.71,277,1.897028
2007-12-01,21,126,-60,2.04,277,1.897028
2007-12-01,22,120,-59.8,2.41,277,1.897028
2007-12-01,23,103,-57.6,1.62,277,1.897028
2007-12-01,24,100,-56.6,1.92,277,1.897028
2007-12-01,25,94,-55.9,1.45,277,1.897028
2007-12-01,26,86,-54,2.34,277,1.897028
2007-12-01,27,74.6,-50.5,1.88,277,1.897028
2007-12-01,28,72.8,-49.3,3.29,277,1.897028
2007-12-01,29,70,-47.9,3.79,277,1.897028
2007-12-01,30,66.6,-46.5,3.82,277,1.897028
2007-12-01,31,60,-41.3,6.98,277,1.897028
2007-12-01,32,55.5,-38.7,8.49,277,1.897028
2007-12-01,33,53,-36.8,8.1,277,1.897028
2007-12-01,34,50,-35,8.11,277,1.897028
2007-12-01,35,47,-32.6,8.1,277,1.897028
2007-12-01,36,44.4,-31.7,8.45,277,1.897028
2007-12-01,37,40,-29.4,8.1,277,1.897028
2007-12-01,38,30,-22.6,7.37,277,1.897028
2007-12-01,39,29,-22,7.17,277,1.897028
2007-12-24,1,960.4,3.1,0.99,299,1.042501
2007-12-24,2,900,-4.2,0.82,299,1.042501
2007-12-24,3,800,-11.6,0.75,299,1.042501
2007-12-24,4,700,-19.6,0.68,299,1.042501
2007-12-24,5,600,-30.5,0.44,299,1.042501
2007-12-24,6,550,-33.4,0.34,299,1.042501
2007-12-24,7,500,-35.4,0.75,299,1.042501
2007-12-24,8,400,-48.3,0.61,299,1.042501
2007-12-24,9,390,-49.7,0.47,299,1.042501
2007-12-24,10,354,-51.9,2.13,299,1.042501
2007-12-24,11,320,-53.8,2.73,299,1.042501
2007-12-24,12,300,-52.5,3.97,299,1.042501
2007-12-24,13,288,-51.6,4.94,299,1.042501
2007-12-24,14,230,-49.9,4.93,299,1.042501
2007-12-24,15,200,-48.7,4.38,299,1.042501
2007-12-24,16,170,-46.6,4.15,299,1.042501
2007-12-24,17,150,-44.9,5.48,299,1.042501
2007-12-24,18,128,-43.3,6.8,299,1.042501
2007-12-24,19,120,-42.8,5.48,299,1.042501
2007-12-24,20,112,-42.3,7.13,299,1.042501
2007-12-24,21,109,-41.9,6.53,299,1.042501
2007-12-24,22,100,-40.6,10.06,299,1.042501
2007-12-24,23,93,-39.5,11.19,299,1.042501
2007-12-24,24,91,-38.8,11.26,299,1.042501
2007-12-24,25,77,-36.1,14.25,299,1.042501
2007-12-24,26,70,-35.2,14.17,299,1.042501
2007-12-24,27,63.5,-34.7,14.63,299,1.042501
2007-12-24,28,62.9,-34.4,15.83,299,1.042501
2007-12-24,29,59.7,-34,14.91,299,1.042501
2007-12-24,30,50,-34,14.4,299,1.042501
2007-12-24,31,45,-32.9,14.24,299,1.042501
2007-12-24,32,42.6,-32.7,12.94,299,1.042501
2007-12-24,33,39,-33.6,12.59,299,1.042501
2007-12-24,34,37,-33.1,12.13,299,1.042501
2007-12-24,35,36.5,-32.7,12.74,299,1.042501
2007-12-24,36,35,-32,12.06,299,1.042501
2007-12-24,37,30,-31.9,10.96,299,1.042501
2007-12-24,38,25,-32.9,9.95,299,1.042501
2007-12-24,39,20,-30.5,8.44,299,1.042501
2007-12-24,40,15,-29.4,6.76,299,1.042501
2007-12-24,41,10,-25.3,4.99,299,1.042501
2007-12-24,42,7,-21.7,3.66,299,1.042501
2008-01-07,1,975.4,1.5,1.83,283,0.6773
2008-01-07,2,940,-3.7,1.65,283,0.6773
2008-01-07,3,900,-7.1,1.83,283,0.6773
2008-01-07,4,850,-10.2,1.47,283,0.6773
2008-01-07,5,800,-13.6,1.47,283,0.6773
2008-01-07,6,750,-18.4,1.54,283,0.6773
2008-01-07,7,700,-22.9,1.47,283,0.6773
2008-01-07,8,650,-26.2,1.68,283,0.6773
2008-01-07,9,600,-28.9,1.47,283,0.6773
2008-01-07,10,550,-33.1,1.43,283,0.6773
2008-01-07,11,500,-37.1,1.21,283,0.6773
2008-01-07,12,450,-42.5,1.46,283,0.6773
2008-01-07,13,420,-45.5,2.17,283,0.6773
2008-01-07,14,390,-46.8,3.59,283,0.6773
2008-01-07,15,350,-47.6,4.99,283,0.6773
2008-01-07,16,320,-46.8,6.43,283,0.6773
2008-01-07,17,300,-45.9,7.13,283,0.6773
2008-01-07,18,280,-45.4,7.47,283,0.6773
2008-01-07,19,250,-44.7,6.4,283,0.6773
2008-01-07,20,220,-44.7,6.39,283,0.6773
2008-01-07,21,200,-44.3,6.39,283,0.6773
2008-01-07,22,175,-44.3,6.62,283,0.6773
2008-01-07,23,150,-44,6.64,283,0.6773
2008-01-07,24,135,-43.7,7.33,283,0.6773
2008-01-07,25,125,-43,8.13,283,0.6773
2008-01-07,26,100,-41.7,8.75,283,0.6773
2008-01-07,27,90,-41.7,10.23,283,0.6773
2008-01-07,28,80,-41.1,11.31,283,0.6773
2008-01-07,29,70,-40.5,12.9,283,0.6773
2008-01-07,30,63,-39.2,13.97,283,0.6773
2008-01-07,31,55,-39.8,13.5,283,0.6773
2008-01-07,32,50,-38.4,13.79,283,0.6773
2008-01-07,33,48,-39.1,12.85,283,0.6773
2008-01-07,34,45.5,-38.7,11.81,283,0.6773
2008-01-07,35,40,-36.7,13.09,283,0.6773
2008-01-07,36,35,-35.3,14.18,283,0.6773
2008-01-07,37,30,-33.9,14.87,283,0.6773
2008-01-07,38,29.2,-33.5,15.2,283,0.6773
2008-01-07,39,25,-33.1,14.22,283,0.6773
2008-01-07,40,20,-32.9,12.94,283,0.6773
2008-01-07,41,15,-31.6,11.46,283,0.6773
2008-01-07,42,10,-31.3,9.93,283,0.6773
2008-01-07,43,7,-28.6,10.21,283,0.6773
2008-01-07,44,5.8,-27.3,9.32,283,0.6773
2008-01-16,1,969.2,-1.2,2.2,305,0.6204
2008-01-16,2,900,-7.2,2.36,305,0.6204
2008-01-16,3,850,-12,2.29,305,0.6204
2008-01-16,4,800,-15,2.16,305,0.6204
2008-01-16,5,750,-19.1,2.03,305,0.6204
2008-01-16,6,700,-22.7,1.86,305,0.6204
2008-01-16,7,670,-25.3,2.02,305,0.6204
2008-01-16,8,630,-28.7,1.69,305,0.6204
2008-01-16,9,572,-33,2.02,305,0.6204
2008-01-16,10,525,-36.7,2.35,305,0.6204
2008-01-16,11,500,-39.3,2.18,305,0.6204
2008-01-16,12,450,-43.1,2.01,305,0.6204
2008-01-16,13,400,-49.1,1.98,305,0.6204
2008-01-16,14,370,-52.6,1.68,305,0.6204
2008-01-16,15,350,-55,2.1,305,0.6204
2008-01-16,16,335,-54.2,4.03,305,0.6204
2008-01-16,17,320,-52.3,5.63,305,0.6204
2008-01-16,18,300,-49.2,6.6,305,0.6204
2008-01-16,19,270,-47,7.28,305,0.6204
2008-01-16,20,250,-45.8,7.3,305,0.6204
2008-01-16,21,220,-44.5,6.9,305,0.6204
2008-01-16,22,200,-44.2,6.34,305,0.6204
2008-01-16,23,190,-44.2,6.87,305,0.6204
2008-01-16,24,175,-42.8,8.1,305,0.6204
2008-01-16,25,160,-41.3,8.9,305,0.6204
2008-01-16,26,150,-41.3,9.13,305,0.6204
2008-01-16,27,130,-41.3,10.06,305,0.6204
2008-01-16,28,100,-40.2,11.95,305,0.6204
2008-01-16,29,90,-39.7,12.32,305,0.6204
2008-01-16,30,80,-38.6,12.83,305,0.6204
2008-01-16,31,70,-37.4,14.44,305,0.6204
2008-01-16,32,60,-37.4,15.38,305,0.6204
2008-01-16,33,50,-35.9,15.81,305,0.6204
2008-01-16,34,43,-35.3,15.55,305,0.6204
2008-01-16,35,39,-34.6,15.91,305,0.6204
2008-01-16,36,36,-34.6,16.09,305,0.6204
2008-01-16,37,32.5,-33.5,16.89,305,0.6204
2008-01-16,38,30,-33.2,16.68,305,0.6204
2008-01-16,39,25,-31.8,16.55,305,0.6204
2008-01-16,40,20,-31.1,16.39,305,0.6204
2008-01-16,41,15,-30.4,16.38,305,0.6204
2008-01-16,42,10,-30.4,15.58,305,0.6204
2008-02-05,1,960.1,-3.1,2.15,280,0.6633
2008-02-05,2,900,-6.4,2.15,280,0.6633
2008-02-05,3,830,-11.1,2.11,280,0.6633
2008-02-05,4,765,-17,1.84,280,0.6633
2008-02-05,5,700,-19,1.6,280,0.6633
2008-02-05,6,600,-26.9,1.54,280,0.6633
2008-02-05,7,550,-30.7,1.18,280,0.6633
2008-02-05,8,500,-35.1,1.3,280,0.6633
2008-02-05,9,450,-40.2,1.3,280,0.6633
2008-02-05,10,400,-46.2,1.27,280,0.6633
2008-02-05,11,350,-52.2,0.97,280,0.6633
2008-02-05,12,300,-59.8,1.52,280,0.6633
2008-02-05,13,280,-58.5,3.27,280,0.6633
2008-02-05,14,270,-56.6,5.06,280,0.6633
2008-02-05,15,250,-52.6,6.22,280,0.6633
2008-02-05,16,235,-49.8,6.47,280,0.6633
2008-02-05,17,200,-49.1,6.55,280,0.6633
2008-02-05,18,175,-48.5,6.73,280,0.6633
2008-02-05,19,160,-48.1,6.94,280,0.6633
2008-02-05,20,148,-47.8,5.8,280,0.6633
2008-02-05,21,140,-47.7,6.26,280,0.6633
2008-02-05,22,125,-47.4,7.03,280,0.6633
2008-02-05,23,110,-46.8,6.31,280,0.6633
2008-02-05,24,100,-46.5,6.54,280,0.6633
2008-02-05,25,90,-46.2,8.22,280,0.6633
2008-02-05,26,80,-46.2,9.99,280,0.6633
2008-02-05,27,70,-46.1,10.93,280,0.6633
2008-02-05,28,64,-45.5,11.76,280,0.6633
2008-02-05,29,60,-45.5,13.52,280,0.6633
2008-02-05,30,50,-45.1,13.25,280,0.6633
2008-02-05,31,40,-44.1,13.1,280,0.6633
2008-02-05,32,35,-43.4,12.44,280,0.6633
2008-02-05,33,30,-43.2,11.95,280,0.6633
2008-02-05,34,26,-41.9,13.29,280,0.6633
2008-02-05,35,20,-41.7,13.8,280,0.6633
2008-02-05,36,15,-40.6,14.02,280,0.6633
2008-02-05,37,10,-39.2,13.67,280,0.6633
2008-02-05,38,7,-38.5,12.89,280,0.6633
2008-02-13,1,965.6,-4,2.31,292,0.6135
2008-02-13,2,930,-6.9,2.75,292,0.6135
2008-02-13,3,900,-9.5,2.68,292,0.6135
2008-02-13,4,800,-17,2.49,292,0.6135
2008-02-13,5,700,-23.3,2.01,292,0.6135
2008-02-13,6,600,-29.6,1.92,292,0.6135
2008-02-13,7,550,-34.1,2.01,292,0.6135
2008-02-13,8,500,-36.2,2.73,292,0.6135
2008-02-13,9,440,-43.5,2.78,292,0.6135
2008-02-13,10,370,-51,2.77,292,0.6135
2008-02-13,11,348,-55.1,3.39,292,0.6135
2008-02-13,12,328,-54.6,3.88,292,0.6135
2008-02-13,13,300,-52.5,7.38,292,0.6135
2008-02-13,14,280,-50,9.26,292,0.6135
2008-02-13,15,257,-47.2,9.4,292,0.6135
2008-02-13,16,237,-46.3,10.32,292,0.6135
2008-02-13,17,200,-44.6,9.65,292,0.6135
2008-02-13,18,182,-45.7,10.61,292,0.6135
2008-02-13,19,166,-44,10.05,292,0.6135
2008-02-13,20,150,-43.7,10.21,292,0.6135
2008-02-13,21,130,-43.6,12.46,292,0.6135
2008-02-13,22,120,-43.5,14.28,292,0.6135
2008-02-13,23,100,-43.5,15.07,292,0.6135
2008-02-13,24,87,-43.5,15.94,292,0.6135
2008-02-13,25,83.3,-43.3,15.33,292,0.6135
2008-02-13,26,72,-43.3,16.45,292,0.6135
2008-02-13,27,70,-43.3,16.06,292,0.6135
2008-02-13,28,61.3,-43.2,15.23,292,0.6135
2008-02-13,29,59,-43.2,17.53,292,0.6135
2008-02-13,30,57,-43.2,18.6,292,0.6135
2008-02-13,31,53,-43.2,19.92,292,0.6135
2008-02-13,32,50,-43.2,19.27,292,0.6135
2008-02-13,33,46,-43.2,18.58,292,0.6135
2008-02-13,34,42,-43.2,19.4,292,0.6135
2008-02-13,35,39,-43,20.55,292,0.6135
2008-02-13,36,35,-43,19.57,292,0.6135
2008-02-13,37,30,-43,17.47,292,0.6135
2008-02-13,38,25.5,-42.8,15.93,292,0.6135
2008-02-13,39,20,-42.1,15.48,292,0.6135
2008-02-13,40,17,-41.3,15.28,292,0.6135
2008-04-05,1,974.3,-7.3,1.7,252,1.8724
2008-04-05,2,950,-9.6,1.64,252,1.8724
2008-04-05,3,900,-13.5,1.48,252,1.8724
2008-04-05,4,850,-15.4,1.39,252,1.8724
2008-04-05,5,800,-17.1,1.23,252,1.8724
2008-04-05,6,750,-18.3,1.31,252,1.8724
2008-04-05,7,724,-16.8,1.23,252,1.8724
2008-04-05,8,700,-16.8,1.23,252,1.8724
2008-04-05,9,650,-18.6,1.17,252,1.8724
2008-04-05,10,600,-22.5,0.9,252,1.8724
2008-04-05,11,550,-27,0.87,252,1.8724
2008-04-05,12,500,-32.5,0.71,252,1.8724
2008-04-05,13,450,-39.2,0.54,252,1.8724
2008-04-05,14,400,-44.8,0.54,252,1.8724
2008-04-05,15,350,-50.4,0.54,252,1.8724
2008-04-05,16,300,-55.9,1.99,252,1.8724
2008-04-05,17,270,-57.5,2.68,252,1.8724
2008-04-05,18,256,-57.8,3.67,252,1.8724
2008-04-05,19,230,-55.6,3.66,252,1.8724
2008-04-05,20,200,-53.8,3.92,252,1.8724
2008-04-05,21,160,-51.9,4.09,252,1.8724
2008-04-05,22,150,-52.5,3.89,252,1.8724
2008-04-05,23,130,-53.5,3.21,252,1.8724
2008-04-05,24,100,-53.3,3.63,252,1.8724
2008-04-05,25,90,-53,3.72,252,1.8724
2008-04-05,26,78,-52.7,3.5,252,1.8724
2008-04-05,27,70,-52.4,4.31,252,1.8724
2008-04-05,28,65.6,-52.1,4.31,252,1.8724
2008-04-05,29,57,-51.9,5.31,252,1.8724
2008-04-05,30,50,-51.6,5.71,252,1.8724
2008-04-05,31,42,-51.9,5.31,252,1.8724
2008-04-05,32,37.5,-50.4,4.94,252,1.8724
2008-04-05,33,30,-48.4,4.95,252,1.8724
2008-04-05,34,25,-46.4,4.83,252,1.8724
2008-04-05,35,20,-44.8,4.56,252,1.8724
2008-07-15,1,976.3,-16.9,1.76,,
2008-07-15,2,940,0.5,1.95,,
2008-07-15,3,900,-18.3,1.89,,
2008-07-15,4,850,-22.6,1.88,,
2008-07-15,5,800,-23.2,1.82,,
2008-07-15,6,700,-28.6,1.59,,
2008-07-15,7,600,-37.1,1.3,,
2008-07-15,8,550,-42.1,1.24,,
2008-07-15,9,500,-47.1,1.11,,
2008-07-15,10,400,-55.8,0.79,,
2008-07-15,11,360,-60.8,0.79,,
2008-07-15,12,320,-65.4,0.69,,
2008-07-15,13,300,-68,0.85,,
2008-07-15,14,250,-72.3,1.25,,
2008-07-15,15,200,-73.4,3.65,,
2008-07-15,16,150,-76.7,5.54,,
2008-07-15,17,130,-78.1,7.23,,
2008-07-15,18,121,-79.1,7.07,,
2008-07-15,19,110,-80.1,9.26,,
2008-07-15,20,100,-82,11.32,,
2008-07-15,21,95,-82.5,12.17,,
2008-07-15,22,85,-83.9,12.07,,
2008-07-15,23,72.5,-84.8,13.42,,
2008-07-15,24,70,-84.8,13.37,,
2008-07-15,25,67,-85.1,12.82,,
2008-07-15,26,56.5,-87.9,12.56,,
2008-07-15,27,50,-87.9,10.88,,
2008-07-15,28,40,-87.6,7.48,,
2008-07-15,29,32.8,-86.3,6.01,,
2008-07-15,30,30,-85.4,3.83,,
2008-07-15,31,28,-84.8,3.79,,
2008-08-08,1,972.7,-7.4,1.9,,
2008-08-08,2,900,-14.6,1.59,,
2008-08-08,3,800,-22.3,1.15,,
2008-08-08,4,750,-28.9,0.81,,
2008-08-08,5,700,-35.2,1.01,,
2008-08-08,6,660,-41.4,1.18,,
2008-08-08,7,600,-48.4,0.81,,
2008-08-08,8,550,-53.1,0.67,,
2008-08-08,9,500,-55.8,0.54,,
2008-08-08,10,450,-58.6,0.2,,
2008-08-08,11,400,-61,0.54,,
2008-08-08,12,362,-62.2,0.6,,
2008-08-08,13,322,-63.2,1.4,,
2008-08-08,14,300,-61.5,2.43,,
2008-08-08,15,265,-58.9,4.09,,
2008-08-08,16,200,-53.4,4.9,,
2008-08-08,17,180,-52.8,5.89,,
2008-08-08,18,150,-51.7,8.13,,
2008-08-08,19,130,-51.4,10.77,,
2008-08-08,20,120,-51.3,12.34,,
2008-08-08,21,110,-51.6,11.78,,
2008-08-08,22,100,-52,11.55,,
2008-08-08,23,90,-51.9,11.89,,
2008-08-08,24,80,-51.6,12.21,,
2008-08-08,25,70,-52.5,11.41,,
2008-08-08,26,60,-52.2,10.58,,
2008-08-08,27,50,-52,8.65,,
2008-08-08,28,40,-52,7.5,,
2008-08-08,29,30,-51.9,7.35,,
2008-08-08,30,20,-51.9,5.62,,
2008-08-08,31,15,-51.7,4.51,,
2008-08-08,32,12,-51.4,3.89,,
2008-09-13,1,975.4,-16.1,1.79,155,1.2185
2008-09-13,2,932,-19.4,2.38,155,1.2185
2008-09-13,3,900,-19.8,2.42,155,1.2185
2008-09-13,4,880,-19.8,2.45,155,1.2185
2008-09-13,5,800,-26.1,2.25,155,1.2185
2008-09-13,6,750,-28.9,2.11,155,1.2185
2008-09-13,7,700,-30.7,1.95,155,1.2185
2008-09-13,8,688,-30.7,2.01,155,1.2185
2008-09-13,9,623,-35.7,2.04,155,1.2185
2008-09-13,10,568,-37.7,1.91,155,1.2185
2008-09-13,11,500,-45.2,1.71,155,1.2185
2008-09-13,12,410,-54.4,1.44,155,1.2185
2008-09-13,13,372,-59.4,1.21,155,1.2185
2008-09-13,14,322,-66.5,0.98,155,1.2185
2008-09-13,15,300,-69.2,1.2,155,1.2185
2008-09-13,16,210,-76.7,4.49,155,1.2185
2008-09-13,17,200,-77.6,4.65,155,1.2185
2008-09-13,18,189,-78.9,5.45,155,1.2185
2008-09-13,19,150,-79.9,4.72,155,1.2185
2008-09-13,20,124,-81.5,4.24,155,1.2185
2008-09-13,21,111,-82,3.19,155,1.2185
2008-09-13,22,100,-84.3,2.29,155,1.2185
2008-09-13,23,85,-83.7,3.02,155,1.2185
2008-09-13,24,72.5,-83.7,5.31,155,1.2185
2008-09-13,25,70,-83.7,5.79,155,1.2185
2008-09-13,26,60.5,-83.5,6.91,155,1.2185
2008-09-13,27,50,-81.2,5.46,155,1.2185
2008-09-13,28,44.6,-79.9,5.08,155,1.2185
2008-09-13,29,35,-77.2,4.71,155,1.2185
2008-09-30,1,970.4,-14.9,3.72,135,1.7781
2008-09-30,2,900,-18.9,3.66,135,1.7781
2008-09-30,3,800,-26,3.34,135,1.7781
2008-09-30,4,770,-27.4,3.15,135,1.7781
2008-09-30,5,700,-28.7,2.94,135,1.7781
2008-09-30,6,683,-29,2.9,135,1.7781
2008-09-30,7,630,-34.5,2.59,135,1.7781
2008-09-30,8,550,-41.3,2.37,135,1.7781
2008-09-30,9,500,-46.4,2.15,135,1.7781
2008-09-30,10,400,-55.5,2.02,135,1.7781
2008-09-30,11,350,-58.4,3.11,135,1.7781
2008-09-30,12,310,-61.6,3.17,135,1.7781
2008-09-30,13,300,-62.7,3.32,135,1.7781
2008-09-30,14,254,-67.5,4.76,135,1.7781
2008-09-30,15,230,-69.3,4.7,135,1.7781
2008-09-30,16,215,-70.3,5.9,135,1.7781
2008-09-30,17,200,-71.7,5.9,135,1.7781
2008-09-30,18,190,-72.5,6.12,135,1.7781
2008-09-30,19,170,-74,4.59,135,1.7781
2008-09-30,20,150,-75.9,3.22,135,1.7781
2008-09-30,21,130,-78,0.95,135,1.7781
2008-09-30,22,100,-79.2,0.39,135,1.7781
2008-09-30,23,85,-79.7,0.51,135,1.7781
2008-09-30,24,70,-82.1,0.63,135,1.7781
2008-09-30,25,58,-80,1.48,135,1.7781
2008-09-30,26,50,-79.5,2.37,135,1.7781
2008-09-30,27,40,-79.2,1.35,135,1.7781
2008-09-30,28,30,-79,1.23,135,1.7781
2008-09-30,29,20,-78.7,0.44,135,1.7781
2008-09-30,30,15,-78.7,0.45,135,1.7781
2008-09-30,31,10,-78.5,0.43,135,1.7781
2008-09-30,32,8.4,-78.5,0.44,135,1.7781
2011-03-31,1,975.4,-4,14.1,269,0.9130483
2011-03-31,2,858,-17.8,13.7,269,0.9130483
2011-03-31,3,808,-21.2,10.4,269,0.9130483
2011-03-31,4,730,-23.7,9.5,269,0.9130483
2011-03-31,5,700,-22.5,9.3,269,0.9130483
2011-03-31,6,660,-25.1,8.9,269,0.9130483
2011-03-31,7,612,-29.3,10.2,269,0.9130483
2011-03-31,8,579,-33.2,8.5,269,0.9130483
2011-03-31,9,542,-35.8,8.8,269,0.9130483
2011-03-31,10,520,-39.9,6.9,269,0.9130483
2011-03-31,11,500,-42.5,6.9,269,0.9130483
2011-03-31,12,480,-46,5,269,0.9130483
2011-03-31,13,470,-48,9.2,269,0.9130483
2011-03-31,14,460,-49.1,10.7,269,0.9130483
2011-03-31,15,440,-51.4,8.8,269,0.9130483
2011-03-31,16,412,-51.5,19.2,269,0.9130483
2011-03-31,17,388,-52.2,22.6,269,0.9130483
2011-03-31,18,380,-52,26.2,269,0.9130483
2011-03-31,19,370,-53.3,26.9,269,0.9130483
2011-03-31,20,358,-52.9,33,269,0.9130483
2011-03-31,21,350,-53.3,33.8,269,0.9130483
2011-03-31,22,337,-53.3,33,269,0.9130483
2011-03-31,23,300,-52.7,29.8,269,0.9130483
2011-03-31,24,290,-52.5,29.3,269,0.9130483
2011-03-31,25,268,-50.6,30.7,269,0.9130483
2011-03-31,26,242,-50.6,29.7,269,0.9130483
2011-03-31,27,240,-50.6,31.6,269,0.9130483
2011-03-31,28,234,-50.6,28.2,269,0.9130483
2011-03-31,29,218,-52,26.5,269,0.9130483
2011-03-31,30,200,-52.7,29.7,269,0.9130483
2011-03-31,31,180,-52,33.6,269,0.9130483
2011-03-31,32,173,-52,38.8,269,0.9130483
2011-03-31,33,168,-52,44.6,269,0.9130483
2011-03-31,34,155,-53.3,42.9,269,0.9130483
2011-03-31,35,150,-53.6,44.4,269,0.9130483
2011-03-31,36,148,-54.3,45.9,269,0.9130483
2011-03-31,37,125,-54.6,64.1,269,0.9130483
2011-03-31,38,115,-54.8,63.2,269,0.9130483
2011-03-31,39,108,-55,67.1,269,0.9130483
2011-03-31,40,100,-54.6,83.3,269,0.9130483
2011-03-31,41,89,-54.8,86.3,269,0.9130483
2011-03-31,42,72,-56.2,103.3,269,0.9130483
2011-03-31,43,70,-57.3,101.1,269,0.9130483
2011-03-31,44,50,-59.1,92.5,269,0.9130483
2011-03-31,45,48,-59.1,90.9,269,0.9130483
2011-03-31,46,45,-59.1,91.5,269,0.9130483
2011-03-31,47,41,-59.3,91.5,269,0.9130483
2011-03-31,48,30,-60.5,88.9,269,0.9130483
2011-03-31,49,20,-60.6,88.4,269,0.9130483
2011-03-31,50,12,-60.6,80,269,0.9130483
2011-03-31,51,10,-62.2,68.7,269,0.9130483
2011-03-31,52,7,-60.8,60.5,269,0.9130483
2011-03-31,53,5,-58.8,56.3,269,0.9130483
2011-03-31,54,3,-61.4,49.9,269,0.9130483
2011-03-31,55,2,-60.5,31.8,269,0.9130483
2011-04-20,1,978.2,1.7,24.8,189,0.9224327
2011-04-20,2,888,-3.7,21.9,189,0.9224327
2011-04-20,3,715,-11.5,19.6,189,0.9224327
2011-04-20,4,700,-12.5,18.7,189,0.9224327
2011-04-20,5,620,-15.9,16.1,189,0.9224327
2011-04-20,6,552,-22.9,13.8,189,0.9224327
2011-04-20,7,500,-29.1,14.9,189,0.9224327
2011-04-20,8,432,-38.7,10,189,0.9224327
2011-04-20,9,400,-43.6,10.8,189,0.9224327
2011-04-20,10,358,-50.1,8,189,0.9224327
2011-04-20,11,329,-54.1,13.1,189,0.9224327
2011-04-20,12,300,-57.3,17.8,189,0.9224327
2011-04-20,13,289,-58,19.8,189,0.9224327
2011-04-20,14,260,-61.3,16.4,189,0.9224327
2011-04-20,15,242,-62,19.2,189,0.9224327
2011-04-20,16,235,-62.9,15.8,189,0.9224327
2011-04-20,17,219,-63.1,31.9,189,0.9224327
2011-04-20,18,200,-65.1,34.1,189,0.9224327
2011-04-20,19,184,-65.5,38.1,189,0.9224327
2011-04-20,20,150,-67.1,42.5,189,0.9224327
2011-04-20,21,140,-67.5,45,189,0.9224327
2011-04-20,22,120,-67.5,33.6,189,0.9224327
2011-04-20,23,115,-67.5,21.7,189,0.9224327
2011-04-20,24,100,-68.3,13.6,189,0.9224327
2011-04-20,25,94,-67.1,15.4,189,0.9224327
2011-04-20,26,86,-65.5,5,189,0.9224327
2011-04-20,27,79,-67.3,10.1,189,0.9224327
2011-04-20,28,70,-63.8,41.8,189,0.9224327
2011-04-20,29,65,-63.6,61.8,189,0.9224327
2011-04-20,30,62,-63.1,75.9,189,0.9224327
2011-04-20,31,58,-59.9,87.6,189,0.9224327
2011-04-20,32,53,-59.5,76.3,189,0.9224327
2011-04-20,33,50,-60.6,65.1,189,0.9224327
2011-04-20,34,40,-58,39.6,189,0.9224327
2011-04-20,35,34,-55.9,28.5,189,0.9224327
2011-04-20,36,30,-52.7,36.8,189,0.9224327
2011-04-20,37,25,-47.1,54.8,189,0.9224327
2011-04-20,38,20,-44.2,71.6,189,0.9224327
2011-04-20,39,15,-37.7,77.9,189,0.9224327
2011-04-20,40,10,-36.6,76.2,189,0.9224327
2011-04-20,41,8,-35.7,73.4,189,0.9224327
2011-09-10,1,963.7,-10.7,22.3,180,1.123773
2011-09-10,2,900,-13,23.5,180,1.123773
2011-09-10,3,850,-15.2,22.9,180,1.123773
2011-09-10,4,780,-18.2,19.9,180,1.123773
2011-09-10,5,700,-21.1,17.6,180,1.123773
2011-09-10,6,640,-25.3,14.6,180,1.123773
2011-09-10,7,580,-30.6,11.7,180,1.123773
2011-09-10,8,540,-33,11.7,180,1.123773
2011-09-10,9,500,-37.6,11.7,180,1.123773
2011-09-10,10,430,-44.8,11.6,180,1.123773
2011-09-10,11,360,-51.7,24.6,180,1.123773
2011-09-10,12,300,-57.2,59.7,180,1.123773
2011-09-10,13,280,-59.4,66.3,180,1.123773
2011-09-10,14,240,-62,66.7,180,1.123773
2011-09-10,15,200,-64.1,75.1,180,1.123773
2011-09-10,16,175,-65.4,74.6,180,1.123773
2011-09-10,17,150,-68.2,74.1,180,1.123773
2011-09-10,18,130,-69.3,67,180,1.123773
2011-09-10,19,125,-69.9,59.9,180,1.123773
2011-09-10,20,115,-70.4,39.9,180,1.123773
2011-09-10,21,110,-71.5,25.4,180,1.123773
2011-09-10,22,100,-71.9,17,180,1.123773
2011-09-10,23,95,-72.4,14.3,180,1.123773
2011-09-10,24,90,-72.2,11.4,180,1.123773
2011-09-10,25,83,-71.5,14.3,180,1.123773
2011-09-10,26,77,-70.4,24.3,180,1.123773
2011-09-10,27,75,-69.9,37.4,180,1.123773
2011-09-10,28,73,-69.5,66.2,180,1.123773
2011-09-10,29,70,-69.3,90.8,180,1.123773
2011-09-10,30,68,-69.3,95.2,180,1.123773
2011-09-10,31,65,-69.1,89.5,180,1.123773
2011-09-10,32,62,-68.9,75,180,1.123773
2011-09-10,33,60,-68.7,63.6,180,1.123773
2011-09-10,34,56,-68.7,43.4,180,1.123773
2011-09-10,35,53,-68.7,30.2,180,1.123773
2011-09-10,36,50,-68.5,25.9,180,1.123773
2011-09-10,37,44,-67.8,20.3,180,1.123773
2011-09-10,38,40,-67.4,15.4,180,1.123773
2011-09-10,39,35.5,-67.4,12.8,180,1.123773
2011-09-10,40,30,-67,18.9,180,1.123773
2011-09-10,41,25,-63.9,30.4,180,1.123773
2011-09-10,42,20,-59.4,51.1,180,1.123773
2011-09-10,43,17.5,-56.7,61,180,1.123773
2011-09-10,44,16,-55.5,54.1,180,1.123773
2011-09-10,45,15,-54.2,50,180,1.123773
2011-09-10,46,13,-52.6,39.7,180,1.123773
2011-09-10,47,11,-51.1,31.5,180,1.123773
2011-09-14,1,979.3,-21.4,44.7,149,0.8098254
2011-09-14,2,930,-23.8,43,149,0.8098254
2011-09-14,3,870,-24.5,41.7,149,0.8098254
2011-09-14,4,840,-25.2,39.3,149,0.8098254
2011-09-14,5,800,-25.8,36.8,149,0.8098254
2011-09-14,6,750,-27.9,35.6,149,0.8098254
2011-09-14,7,700,-30.6,34.3,149,0.8098254
2011-09-14,8,670,-31.9,34.3,149,0.8098254
2011-09-14,9,645,-32.3,33.1,149,0.8098254
2011-09-14,10,605,-34.2,36.7,149,0.8098254
2011-09-14,11,570,-36.8,36.1,149,0.8098254
2011-09-14,12,535,-41.6,31.8,149,0.8098254
2011-09-14,13,500,-46.9,30.5,149,0.8098254
2011-09-14,14,460,-50.5,26.6,149,0.8098254
2011-09-14,15,430,-54,25.6,149,0.8098254
2011-09-14,16,400,-58.5,27,149,0.8098254
2011-09-14,17,360,-61.2,35.2,149,0.8098254
2011-09-14,18,340,-62.6,38.7,149,0.8098254
2011-09-14,19,300,-67.1,38.6,149,0.8098254
2011-09-14,20,250,-70.9,39.9,149,0.8098254
2011-09-14,21,200,-75.2,45.5,149,0.8098254
2011-09-14,22,150,-77.4,54.5,149,0.8098254
2011-09-14,23,120,-79.8,52.2,149,0.8098254
2011-09-14,24,100,-79.8,52.6,149,0.8098254
2011-09-14,25,92,-79.8,55,149,0.8098254
2011-09-14,26,87,-80.1,57.4,149,0.8098254
2011-09-14,27,80,-79.8,57.8,149,0.8098254
2011-09-14,28,75,-79.8,58.6,149,0.8098254
2011-09-14,29,70,-79.8,59.8,149,0.8098254
2011-09-14,30,62,-81.1,55.2,149,0.8098254
2011-09-14,31,57,-81.8,45.6,149,0.8098254
2011-09-14,32,50,-81.8,33.8,149,0.8098254
2011-09-14,33,45,-82.1,41.1,149,0.8098254
2011-09-14,34,40,-81.8,37.6,149,0.8098254
2011-09-14,35,35,-79.1,34.5,149,0.8098254
2011-09-14,36,30,-77.9,32.9,149,0.8098254
2011-09-14,37,24,-77.4,34.7,149,0.8098254
2011-09-14,38,22,-77,34.8,149,0.8098254
2011-09-14,39,20,-76.5,36.5,149,0.8098254
2011-09-14,40,15,-76.3,38.3,149,0.8098254
2011-09-14,41,10,-74.5,37.1,149,0.8098254
2011-09-14,42,7,-72.5,35.9,149,0.8098254
2011-09-23,1,970.5,-14.7,30.5,140,1.263656
2011-09-23,2,811,-23.3,26.2,140,1.263656
2011-09-23,3,700,-31.8,30,140,1.263656
2011-09-23,4,655,-36.6,19.2,140,1.263656
2011-09-23,5,550,-43.3,18.4,140,1.263656
2011-09-23,6,500,-47.7,20.7,140,1.263656
2011-09-23,7,394,-61.8,17.9,140,1.263656
2011-09-23,8,362,-65.9,13.7,140,1.263656
2011-09-23,9,300,-71.4,17.4,140,1.263656
2011-09-23,10,250,-78.1,18.9,140,1.263656
2011-09-23,11,216,-81,32.1,140,1.263656
2011-09-23,12,200,-81,35.4,140,1.263656
2011-09-23,13,182,-80.7,36.8,140,1.263656
2011-09-23,14,160,-80.7,43.3,140,1.263656
2011-09-23,15,150,-81,42.8,140,1.263656
2011-09-23,16,116,-82.8,31.2,140,1.263656
2011-09-23,17,100,-83.3,21.6,140,1.263656
2011-09-23,18,90,-86.1,12.4,140,1.263656
2011-09-23,19,80,-86.7,13.1,140,1.263656
2011-09-23,20,72,-86.1,15.8,140,1.263656
2011-09-23,21,70,-85.5,20.3,140,1.263656
2011-09-23,22,62,-84.9,26.7,140,1.263656
2011-09-23,23,55,-86.1,29.1,140,1.263656
2011-09-23,24,50,-86.1,40.9,140,1.263656
2011-09-23,25,49,-86.1,45.1,140,1.263656
2011-09-23,26,44,-85.8,37.3,140,1.263656
2011-09-23,27,30,-83.8,35.6,140,1.263656
2011-09-23,28,23,-82.5,30.4,140,1.263656
2011-09-23,29,20,-80,29.5,140,1.263656
2011-09-23,30,15,-77.2,27.3,140,1.263656
2011-10-01,1,984.4,-32.9,38.7,184,1.145568
2011-10-01,2,950,-28.3,37.7,184,1.145568
2011-10-01,3,900,-24.9,35,184,1.145568
2011-10-01,4,865,-20.9,34.3,184,1.145568
2011-10-01,5,830,-22.8,33.8,184,1.145568
2011-10-01,6,800,-25.2,33.3,184,1.145568
2011-10-01,7,750,-25.6,31.3,184,1.145568
2011-10-01,8,700,-28.3,31.3,184,1.145568
2011-10-01,9,650,-31.3,30.8,184,1.145568
2011-10-01,10,615,-31,31.2,184,1.145568
2011-10-01,11,570,-35.2,31.2,184,1.145568
2011-10-01,12,540,-38.7,29.9,184,1.145568
2011-10-01,13,500,-44.6,28.7,184,1.145568
2011-10-01,14,450,-50.6,24.8,184,1.145568
2011-10-01,15,370,-58.9,24.7,184,1.145568
2011-10-01,16,340,-61.7,22,184,1.145568
2011-10-01,17,300,-67.3,17.4,184,1.145568
2011-10-01,18,240,-77.6,16.2,184,1.145568
2011-10-01,19,200,-84,28.3,184,1.145568
2011-10-01,20,170,-87.9,43.8,184,1.145568
2011-10-01,21,150,-90.7,60.9,184,1.145568
2011-10-01,22,120,-90.7,75.1,184,1.145568
2011-10-01,23,108,-91.5,72.8,184,1.145568
2011-10-01,24,100,-90.7,70.4,184,1.145568
2011-10-01,25,95,-89.6,68.8,184,1.145568
2011-10-01,26,88,-87.9,70.4,184,1.145568
2011-10-01,27,80,-85,75.8,184,1.145568
2011-10-01,28,75,-81.7,78.2,184,1.145568
2011-10-01,29,70,-79.1,75.4,184,1.145568
2011-10-01,30,63,-78.3,64,184,1.145568
2011-10-01,31,58,-76.8,60.5,184,1.145568
2011-10-01,32,55,-75.9,59.5,184,1.145568
2011-10-01,33,50,-75,59.7,184,1.145568
2011-10-01,34,45,-73.6,59.1,184,1.145568
2011-10-01,35,40,-71.9,55.2,184,1.145568
2011-10-01,36,34,-70.4,50.5,184,1.145568
2011-10-01,37,30,-68.7,53,184,1.145568
2011-10-01,38,28,-67.3,54,184,1.145568
2011-10-01,39,25,-65.4,53.7,184,1.145568
2011-10-01,40,23,-63.5,49.1,184,1.145568
2011-10-01,41,20,-61.2,36.9,184,1.145568
2011-10-01,42,18,-60.2,33.4,184,1.145568
2011-10-01,43,15,-57.9,17.7,184,1.145568
2011-10-15,1,980.9,-14.7,36.7,109,1.250108
2011-10-15,2,825,-21.7,27.4,109,1.250108
2011-10-15,3,807,-21.7,26.1,109,1.250108
2011-10-15,4,700,-26.9,22.9,109,1.250108
2011-10-15,5,670,-29.8,21,109,1.250108
2011-10-15,6,500,-42.8,15.8,109,1.250108
2011-10-15,7,381,-56.3,12.6,109,1.250108
2011-10-15,8,328,-64.6,8.2,109,1.250108
2011-10-15,9,300,-69.5,9.7,109,1.250108
2011-10-15,10,288,-72.1,10.6,109,1.250108
2011-10-15,11,260,-78.3,8.1,109,1.250108
2011-10-15,12,200,-82.7,25.2,109,1.250108
2011-10-15,13,192,-84.1,29.2,109,1.250108
2011-10-15,14,174,-85,32.8,109,1.250108
2011-10-15,15,150,-86.2,39.3,109,1.250108
2011-10-15,16,113,-82.7,53.1,109,1.250108
2011-10-15,17,107,-80.5,56.7,109,1.250108
2011-10-15,18,100,-79.5,55.2,109,1.250108
2011-10-15,19,79,-79.3,47.7,109,1.250108
2011-10-15,20,70,-77.1,45.6,109,1.250108
2011-10-15,21,58,-76.9,38.6,109,1.250108
2011-10-15,22,50,-79.3,30,109,1.250108
2011-10-15,23,40,-78.1,17.6,109,1.250108
2011-10-15,24,32,-74.6,11.4,109,1.250108
2011-10-15,25,30,-74.2,10.4,109,1.250108
2011-10-15,26,28,-72.5,8.3,109,1.250108
2011-10-15,27,23,-70.7,11.6,109,1.250108
2011-10-15,28,20,-66,9.4,109,1.250108
2011-11-08,1,972,-17.5,10.2,273,1.021523
2011-11-08,2,840,-24.4,15.7,273,1.021523
2011-11-08,3,700,-23.1,12.3,273,1.021523
2011-11-08,4,500,-38.2,7,273,1.021523
2011-11-08,5,433,-47.4,6.4,273,1.021523
2011-11-08,6,390,-52.2,7.9,273,1.021523
2011-11-08,7,320,-60.9,10,273,1.021523
2011-11-08,8,300,-59.6,30.5,273,1.021523
2011-11-08,9,260,-56.5,47.1,273,1.021523
2011-11-08,10,228,-54,51.8,273,1.021523
2011-11-08,11,200,-54,70,273,1.021523
2011-11-08,12,188,-53.7,73.4,273,1.021523
2011-11-08,13,165,-53.7,60.1,273,1.021523
2011-11-08,14,150,-55,47.4,273,1.021523
2011-11-08,15,142,-55.8,38.8,273,1.021523
2011-11-08,16,128,-57.3,69.1,273,1.021523
2011-11-08,17,110,-58.7,93.6,273,1.021523
2011-11-08,18,100,-59.2,114.4,273,1.021523
2011-11-08,19,96,-59.5,132.9,273,1.021523
2011-11-08,20,91,-59.5,138.8,273,1.021523
2011-11-08,21,78,-60,135.8,273,1.021523
2011-11-08,22,70,-61.7,138.9,273,1.021523
2011-11-08,23,63,-62.9,133.2,273,1.021523
2011-11-08,24,50,-63.4,131.2,273,1.021523
2011-11-08,25,35,-65.7,119.3,273,1.021523
2011-11-08,26,30,-68.2,104.9,273,1.021523